ID_Venta,Fecha,ID_Cliente,ID_Producto,Cantidad,Monto,Descuento,ID_Ubicacion
V000001,2024-04-27,C0390,P0149,6,984,0,U014
V000002,2024-10-19,C0180,P0127,6,1158,10,U030
V000003,2023-02-19,C0186,P0139,1,333,5,U007
V000004,2024-05-14,C0286,P0173,10,3680,5,U028
V000005,2023-08-11,C0278,P0135,8,2536,0,U043
V000006,2024-08-17,C0002,P0043,10,4590,10,U023
V000007,2024-08-18,C0161,P0180,8,3136,0,U046
V000008,2024-04-07,C0365,P0182,9,3141,15,U049
V000009,2023-03-19,C0484,P0060,10,1880,0,U044
V000010,2023-12-31,C0251,P0100,1,193,0,U009
V000011,2023-08-06,C0191,P0038,6,2238,0,U013
V000012,2024-01-31,C0013,P0034,1,464,5,U033
V000013,2024-07-02,C0275,P0186,1,104,15,U038
V000014,2023-04-10,C0280,P0145,10,3720,0,U012
V000015,2023-11-30,C0432,P0151,2,270,0,U025
V000016,2023-06-21,C0484,P0070,4,1872,10,U045
V000017,2024-01-15,C0085,P0094,9,1620,0,U012
V000018,2024-11-16,C0168,P0183,9,4257,0,U039
V000019,2023-09-16,C0259,P0110,10,3490,15,U026
V000020,2024-10-07,C0105,P0021,2,676,0,U036
V000021,2023-06-30,C0360,P0055,4,348,10,U037
V000022,2023-08-06,C0495,P0016,10,3870,5,U050
V000023,2024-10-05,C0174,P0075,3,183,5,U026
V000024,2023-09-23,C0166,P0177,9,4239,0,U013
V000025,2024-07-13,C0030,P0003,4,1592,10,U017
V000026,2023-02-21,C0261,P0030,5,2070,0,U041
V000027,2023-08-18,C0330,P0069,4,308,0,U013
V000028,2023-04-28,C0253,P0100,10,810,15,U012
V000029,2023-02-19,C0049,P0150,2,690,5,U009
V000030,2023-09-02,C0348,P0138,4,1164,5,U047
V000031,2024-01-22,C0171,P0023,4,1040,0,U044
V000032,2023-12-06,C0031,P0024,8,408,0,U026
V000033,2024-03-08,C0133,P0173,10,2290,10,U027
V000034,2024-04-20,C0083,P0151,1,148,0,U046
V000035,2024-03-17,C0302,P0135,2,532,10,U021
V000036,2024-05-08,C0485,P0029,8,2600,0,U010
V000037,2023-05-08,C0001,P0159,10,4980,15,U019
V000038,2023-07-26,C0479,P0058,4,1628,0,U032
V000039,2023-06-29,C0162,P0101,2,182,15,U046
V000040,2024-02-20,C0366,P0033,9,1719,0,U022
V000041,2023-10-01,C0340,P0040,9,1602,15,U049
V000042,2023-12-28,C0121,P0105,10,4160,10,U010
V000043,2023-07-08,C0098,P0141,1,105,0,U033
V000044,2024-07-01,C0143,P0060,4,1316,15,U036
V000045,2023-01-21,C0133,P0001,8,600,0,U030
V000046,2024-07-24,C0167,P0032,10,1790,10,U036
V000047,2023-07-01,C0316,P0021,1,191,0,U049
V000048,2024-08-10,C0115,P0123,7,3451,5,U019
V000049,2023-05-08,C0116,P0034,5,300,15,U040
V000050,2024-07-04,C0084,P0163,1,194,10,U040
V000051,2023-07-18,C0302,P0184,6,1338,5,U010
V000052,2023-09-13,C0128,P0151,9,873,0,U026
V000053,2023-12-24,C0287,P0066,9,882,10,U025
V000054,2024-01-03,C0476,P0067,1,338,10,U036
V000055,2023-09-01,C0082,P0170,7,3374,10,U027
V000056,2023-07-01,C0491,P0080,9,3033,15,U034
V000057,2023-06-29,C0173,P0170,2,908,5,U005
V000058,2024-06-28,C0127,P0071,8,1440,0,U014
V000059,2023-01-13,C0299,P0090,7,1540,5,U021
V000060,2023-04-25,C0395,P0009,7,3024,0,U038
V000061,2023-05-08,C0360,P0136,3,267,15,U016
V000062,2024-10-03,C0044,P0197,5,1875,10,U044
V000063,2024-07-24,C0413,P0090,7,1673,0,U050
V000064,2024-07-02,C0331,P0027,9,1719,5,U011
V000065,2023-10-04,C0339,P0132,10,3970,0,U041
V000066,2024-11-03,C0144,P0180,10,2870,5,U031
V000067,2023-09-13,C0253,P0073,6,480,5,U025
V000068,2023-10-23,C0342,P0094,10,3870,0,U034
V000069,2023-01-14,C0382,P0111,2,904,0,U033
V000070,2024-05-12,C0307,P0063,7,1204,10,U007
V000071,2024-07-10,C0307,P0028,2,940,0,U018
V000072,2024-04-30,C0270,P0132,3,588,0,U017
V000073,2023-09-16,C0352,P0103,10,2820,0,U029
V000074,2023-07-26,C0241,P0169,1,493,0,U039
V000075,2024-08-08,C0266,P0163,6,2232,5,U001
V000076,2023-09-16,C0008,P0192,7,1855,15,U038
V000077,2024-11-23,C0491,P0052,9,927,0,U007
V000078,2023-04-02,C0260,P0086,8,3784,0,U011
V000079,2024-08-13,C0189,P0099,1,471,0,U024
V000080,2023-09-20,C0006,P0110,7,931,0,U044
V000081,2023-10-12,C0305,P0101,1,410,0,U030
V000082,2024-04-17,C0308,P0050,3,939,0,U026
V000083,2024-05-20,C0069,P0082,1,320,0,U026
V000084,2023-12-28,C0187,P0029,1,343,0,U024
V000085,2024-04-08,C0459,P0016,7,1274,5,U037
V000086,2023-06-12,C0294,P0051,8,944,5,U028
V000087,2023-09-16,C0459,P0097,5,1190,10,U001
V000088,2023-12-31,C0098,P0168,7,588,5,U050
V000089,2024-08-19,C0218,P0037,7,2044,0,U036
V000090,2024-03-28,C0178,P0072,6,492,0,U040
V000091,2024-05-20,C0293,P0119,6,1062,5,U032
V000092,2024-08-16,C0347,P0099,10,1250,5,U015
V000093,2023-05-21,C0478,P0031,9,1863,0,U014
V000094,2024-10-16,C0074,P0119,10,4110,5,U012
V000095,2023-12-11,C0060,P0096,2,156,0,U008
V000096,2024-11-14,C0033,P0183,5,1415,0,U046
V000097,2023-08-25,C0291,P0128,5,360,0,U016
V000098,2024-06-20,C0202,P0063,4,520,15,U031
V000099,2024-05-17,C0229,P0182,8,2720,0,U002
V000100,2024-11-17,C0192,P0024,3,552,10,U050
V000101,2023-09-11,C0143,P0137,6,2298,0,U007
V000102,2024-04-04,C0488,P0005,8,3456,0,U005
V000103,2024-03-23,C0460,P0027,5,1430,0,U040
V000104,2024-05-17,C0227,P0055,10,3880,15,U048
V000105,2023-03-10,C0237,P0148,4,868,0,U005
V000106,2023-03-18,C0279,P0158,9,2745,0,U001
V000107,2023-12-14,C0403,P0026,5,930,0,U008
V000108,2024-06-28,C0264,P0158,6,1554,0,U033
V000109,2023-07-03,C0066,P0153,9,747,0,U022
V000110,2024-10-03,C0390,P0177,10,3980,0,U012
V000111,2024-06-15,C0267,P0120,4,1776,0,U050
V000112,2024-03-13,C0410,P0008,6,1062,0,U032
V000113,2024-11-14,C0282,P0059,3,939,5,U012
V000114,2023-01-23,C0422,P0035,3,1197,5,U012
V000115,2023-05-01,C0278,P0046,9,1737,5,U008
V000116,2023-06-27,C0112,P0187,2,296,0,U040
V000117,2023-10-12,C0019,P0152,7,1932,15,U008
V000118,2024-03-12,C0295,P0180,2,990,5,U003
V000119,2023-09-12,C0062,P0095,2,830,5,U006
V000120,2023-02-11,C0127,P0126,10,2920,0,U032
V000121,2024-03-30,C0323,P0147,7,2513,0,U031
V000122,2023-10-14,C0397,P0102,7,2744,10,U013
V000123,2023-01-08,C0318,P0002,5,1100,5,U029
V000124,2023-02-28,C0243,P0034,6,1554,10,U018
V000125,2023-04-06,C0494,P0130,2,404,0,U007
V000126,2023-05-05,C0355,P0189,3,477,0,U015
V000127,2024-01-13,C0022,P0183,2,508,0,U008
V000128,2024-10-21,C0070,P0114,3,516,15,U030
V000129,2023-10-16,C0011,P0013,8,2464,0,U004
V000130,2023-05-21,C0281,P0042,2,794,5,U014
V000131,2024-10-14,C0147,P0038,6,2868,15,U024
V000132,2023-09-01,C0278,P0044,10,2280,0,U046
V000133,2023-04-17,C0291,P0164,4,820,0,U011
V000134,2024-07-24,C0167,P0127,8,1472,0,U022
V000135,2024-09-10,C0346,P0050,6,1332,0,U032
V000136,2024-02-18,C0351,P0121,6,528,0,U049
V000137,2023-12-26,C0197,P0117,2,602,0,U003
V000138,2023-10-23,C0322,P0091,8,920,0,U038
V000139,2023-12-19,C0266,P0026,10,1550,5,U035
V000140,2024-05-31,C0498,P0093,9,513,0,U013
V000141,2023-10-17,C0224,P0148,7,3003,10,U019
V000142,2023-12-01,C0430,P0148,7,1386,15,U021
V000143,2024-10-04,C0053,P0162,4,1808,0,U032
V000144,2023-07-17,C0022,P0192,9,4194,0,U009
V000145,2024-01-17,C0430,P0049,9,3834,0,U030
V000146,2024-04-17,C0144,P0025,2,276,15,U023
V000147,2024-01-24,C0379,P0084,6,414,0,U046
V000148,2024-04-09,C0142,P0119,4,320,15,U021
V000149,2023-08-04,C0498,P0073,9,2412,0,U034
V000150,2024-03-06,C0239,P0070,1,415,15,U050
V000151,2024-06-03,C0132,P0040,6,1170,0,U015
V000152,2023-02-02,C0254,P0073,9,3519,0,U012
V000153,2023-06-10,C0252,P0095,8,3048,0,U047
V000154,2023-08-15,C0049,P0150,2,166,15,U039
V000155,2024-03-10,C0288,P0174,5,2245,5,U036
V000156,2023-07-31,C0041,P0195,10,3330,10,U009
V000157,2024-01-31,C0187,P0124,6,2934,10,U026
V000158,2023-09-27,C0211,P0079,1,413,0,U040
V000159,2024-10-06,C0046,P0195,5,1710,15,U033
V000160,2024-02-05,C0132,P0053,3,642,15,U040
V000161,2023-02-07,C0049,P0104,4,1512,15,U042
V000162,2024-06-05,C0441,P0005,9,3177,10,U016
V000163,2024-03-05,C0362,P0160,8,3488,0,U049
V000164,2023-03-12,C0346,P0183,7,2646,15,U033
V000165,2023-04-12,C0139,P0113,3,1161,0,U021
V000166,2023-01-08,C0363,P0098,7,1358,0,U008
V000167,2024-05-02,C0370,P0070,10,4740,0,U044
V000168,2024-06-22,C0249,P0045,10,1860,0,U038
V000169,2024-05-05,C0215,P0004,2,1000,15,U008
V000170,2024-11-22,C0132,P0193,4,228,15,U008
V000171,2024-03-06,C0463,P0069,6,1710,5,U018
V000172,2023-06-03,C0400,P0036,5,2205,5,U035
V000173,2024-09-10,C0023,P0034,7,434,0,U019
V000174,2024-10-16,C0194,P0040,6,2304,5,U038
V000175,2023-12-08,C0247,P0028,8,1088,0,U037
V000176,2023-04-20,C0243,P0071,6,2196,0,U026
V000177,2023-08-17,C0488,P0199,10,4390,0,U001
V000178,2024-11-05,C0159,P0043,10,4480,15,U047
V000179,2024-07-06,C0413,P0068,7,1491,0,U007
V000180,2024-04-20,C0212,P0074,4,1376,15,U046
V000181,2024-05-11,C0301,P0105,9,1854,5,U041
V000182,2023-11-22,C0189,P0157,7,770,10,U021
V000183,2024-02-28,C0125,P0191,9,1350,0,U031
V000184,2024-05-26,C0007,P0032,7,3444,10,U025
V000185,2024-08-15,C0228,P0111,5,345,0,U035
V000186,2024-11-17,C0436,P0089,6,1866,0,U036
V000187,2023-02-11,C0498,P0073,1,321,0,U038
V000188,2023-07-06,C0277,P0071,4,1552,5,U031
V000189,2023-01-23,C0065,P0029,7,2905,15,U010
V000190,2024-10-25,C0254,P0040,6,924,0,U014
V000191,2024-05-02,C0327,P0093,2,672,0,U047
V000192,2024-07-17,C0409,P0097,3,420,5,U024
V000193,2023-02-20,C0335,P0050,9,2232,0,U008
V000194,2024-05-17,C0469,P0171,3,324,0,U022
V000195,2023-07-03,C0261,P0043,10,3870,5,U015
V000196,2023-12-12,C0345,P0179,2,450,10,U029
V000197,2024-07-21,C0294,P0146,3,831,5,U047
V000198,2023-07-14,C0335,P0027,4,1436,5,U007
V000199,2024-02-01,C0212,P0197,1,364,0,U002
V000200,2023-02-23,C0107,P0051,8,1760,0,U031
V000201,2023-05-28,C0226,P0147,8,2088,0,U011
V000202,2023-06-22,C0136,P0100,5,2040,0,U003
V000203,2023-09-06,C0197,P0036,1,480,5,U007
V000204,2024-01-26,C0405,P0151,5,1380,10,U025
V000205,2023-01-11,C0470,P0131,7,637,0,U050
V000206,2024-04-18,C0165,P0151,7,350,0,U030
V000207,2023-08-15,C0009,P0010,2,460,0,U011
V000208,2023-11-07,C0262,P0072,10,1210,5,U038
V000209,2024-06-12,C0218,P0016,9,1863,0,U021
V000210,2023-08-17,C0453,P0042,9,1179,15,U043
V000211,2023-06-12,C0479,P0182,10,850,0,U038
V000212,2023-12-02,C0323,P0057,3,927,10,U010
V000213,2024-11-22,C0449,P0069,4,1456,0,U042
V000214,2024-01-01,C0287,P0116,9,3330,0,U041
V000215,2023-02-25,C0416,P0098,6,2676,5,U017
V000216,2023-12-11,C0330,P0069,2,464,15,U027
V000217,2023-03-03,C0466,P0165,4,1584,0,U043
V000218,2023-11-07,C0093,P0070,8,3824,0,U018
V000219,2023-02-01,C0054,P0176,3,1068,0,U024
V000220,2024-11-05,C0159,P0028,1,86,0,U003
V000221,2024-11-28,C0304,P0004,8,4000,10,U039
V000222,2023-01-20,C0038,P0077,9,2709,0,U024
V000223,2023-01-10,C0228,P0168,3,1164,0,U009
V000224,2023-03-20,C0417,P0113,10,1040,15,U034
V000225,2023-06-10,C0174,P0160,4,1828,10,U003
V000226,2023-02-20,C0287,P0039,8,1896,10,U044
V000227,2023-08-15,C0267,P0063,10,2900,0,U030
V000228,2023-01-05,C0064,P0187,1,264,0,U041
V000229,2023-10-04,C0277,P0077,4,840,0,U007
V000230,2023-04-19,C0220,P0195,6,1266,0,U041
V000231,2023-05-03,C0271,P0023,1,190,15,U019
V000232,2024-07-30,C0009,P0154,6,2250,0,U018
V000233,2023-12-02,C0177,P0016,9,1431,15,U016
V000234,2023-03-28,C0445,P0047,10,4660,0,U034
V000235,2023-12-28,C0137,P0193,4,604,0,U012
V000236,2023-05-25,C0170,P0161,10,3430,10,U004
V000237,2024-05-17,C0061,P0181,10,3680,10,U008
V000238,2023-12-26,C0370,P0022,2,300,5,U041
V000239,2024-09-01,C0113,P0023,3,927,15,U036
V000240,2024-09-18,C0305,P0067,4,1848,0,U001
V000241,2024-05-07,C0230,P0200,8,848,0,U040
V000242,2023-02-21,C0361,P0109,1,445,5,U029
V000243,2024-02-21,C0060,P0172,10,1150,0,U047
V000244,2024-04-09,C0375,P0184,3,1092,5,U014
V000245,2024-08-15,C0371,P0069,10,1680,15,U025
V000246,2023-06-29,C0161,P0143,6,2154,0,U006
V000247,2023-08-18,C0448,P0054,5,1105,0,U036
V000248,2023-03-01,C0482,P0033,1,285,0,U038
V000249,2024-07-12,C0194,P0136,6,2916,15,U040
V000250,2023-04-15,C0456,P0089,8,3080,10,U038
V000251,2023-10-31,C0230,P0045,5,1220,10,U039
V000252,2024-06-20,C0454,P0005,5,625,5,U014
V000253,2024-01-09,C0385,P0029,2,110,10,U015
V000254,2023-03-21,C0197,P0106,1,453,10,U026
V000255,2024-10-12,C0114,P0101,5,1410,0,U037
V000256,2024-02-15,C0477,P0176,9,4356,10,U019
V000257,2023-04-19,C0350,P0017,8,1960,0,U007
V000258,2023-07-25,C0134,P0054,5,2150,0,U043
V000259,2024-07-29,C0120,P0114,9,2331,0,U032
V000260,2023-12-04,C0158,P0156,9,1503,0,U025
V000261,2023-04-07,C0119,P0119,4,240,0,U044
V000262,2024-05-24,C0359,P0181,5,1250,0,U031
V000263,2024-02-27,C0062,P0181,8,1872,15,U021
V000264,2024-09-25,C0215,P0165,7,2905,10,U002
V000265,2023-09-01,C0482,P0072,6,2754,10,U049
V000266,2023-01-03,C0479,P0145,7,546,5,U007
V000267,2024-08-06,C0211,P0027,6,1362,10,U015
V000268,2023-06-07,C0425,P0055,5,1335,0,U008
V000269,2023-04-17,C0107,P0036,7,798,0,U019
V000270,2023-01-22,C0484,P0057,10,4420,5,U029
V000271,2023-12-20,C0428,P0046,4,828,15,U039
V000272,2024-05-31,C0239,P0149,4,1464,5,U020
V000273,2023-08-22,C0108,P0039,10,2250,5,U049
V000274,2023-01-28,C0386,P0119,5,1895,0,U020
V000275,2023-04-15,C0073,P0061,5,1500,5,U023
V000276,2023-03-07,C0289,P0177,4,1440,0,U036
V000277,2024-03-23,C0275,P0144,6,690,10,U029
V000278,2023-04-23,C0055,P0067,5,1205,0,U046
V000279,2024-09-24,C0448,P0027,1,59,5,U023
V000280,2024-06-23,C0259,P0130,2,764,0,U047
V000281,2024-05-29,C0272,P0135,1,473,0,U027
V000282,2024-01-01,C0484,P0096,4,1260,0,U022
V000283,2023-06-09,C0413,P0182,5,1510,0,U022
V000284,2024-02-10,C0402,P0111,9,2115,0,U013
V000285,2024-05-23,C0233,P0010,1,330,15,U019
V000286,2024-02-18,C0447,P0019,7,532,15,U022
V000287,2023-01-13,C0075,P0135,7,2940,0,U012
V000288,2023-04-13,C0422,P0124,2,766,15,U041
V000289,2024-06-13,C0458,P0091,5,1680,0,U010
V000290,2023-06-19,C0436,P0019,2,846,0,U019
V000291,2023-06-07,C0146,P0027,4,1596,0,U044
V000292,2023-07-01,C0305,P0130,5,1525,0,U040
V000293,2024-07-18,C0071,P0055,5,2070,0,U019
V000294,2024-04-10,C0497,P0085,10,3590,10,U009
V000295,2023-08-18,C0477,P0025,8,1760,0,U031
V000296,2024-01-08,C0321,P0017,8,3376,0,U015
V000297,2024-10-16,C0129,P0076,8,2552,15,U005
V000298,2024-10-24,C0114,P0188,5,860,15,U037
V000299,2024-03-07,C0420,P0090,6,1062,15,U036
V000300,2023-05-11,C0287,P0023,6,2310,10,U025
V000301,2024-05-30,C0197,P0027,6,2658,0,U022
V000302,2023-01-04,C0076,P0166,10,2620,0,U002
V000303,2024-09-03,C0132,P0126,3,330,0,U011
V000304,2023-11-07,C0464,P0121,4,1096,0,U026
V000305,2024-03-04,C0110,P0020,8,856,0,U038
V000306,2023-08-25,C0443,P0033,1,76,10,U034
V000307,2023-05-28,C0259,P0138,10,4920,5,U048
V000308,2024-11-11,C0478,P0154,8,1688,0,U031
V000309,2024-01-15,C0098,P0103,9,3132,15,U030
V000310,2023-07-19,C0290,P0006,1,108,0,U019
V000311,2024-04-22,C0399,P0023,3,618,5,U043
V000312,2023-11-22,C0244,P0027,7,1120,0,U037
V000313,2024-06-03,C0150,P0018,9,3744,0,U046
V000314,2024-10-12,C0066,P0146,4,1180,0,U008
V000315,2023-05-24,C0468,P0017,3,807,15,U025
V000316,2024-01-17,C0139,P0081,1,90,15,U030
V000317,2023-05-15,C0247,P0029,7,1813,15,U018
V000318,2024-01-22,C0428,P0019,1,207,0,U015
V000319,2024-01-28,C0318,P0124,9,4491,5,U017
V000320,2024-06-11,C0412,P0094,7,1344,5,U030
V000321,2023-10-09,C0274,P0147,6,1440,10,U003
V000322,2024-06-12,C0050,P0112,7,2429,0,U010
V000323,2023-08-04,C0494,P0138,7,392,0,U043
V000324,2024-03-29,C0332,P0173,1,130,0,U027
V000325,2024-08-17,C0079,P0096,1,163,10,U019
V000326,2024-04-26,C0434,P0068,5,1955,0,U039
V000327,2024-05-05,C0259,P0134,6,930,0,U002
V000328,2023-04-05,C0227,P0091,10,4590,0,U023
V000329,2023-06-03,C0013,P0137,3,909,5,U044
V000330,2024-11-14,C0327,P0162,8,3080,10,U038
V000331,2024-08-11,C0357,P0084,2,886,0,U050
V000332,2024-03-07,C0158,P0034,8,1704,5,U039
V000333,2023-08-30,C0301,P0032,2,810,5,U042
V000334,2023-09-11,C0211,P0143,6,1008,15,U016
V000335,2023-09-11,C0023,P0055,10,2110,10,U037
V000336,2023-10-22,C0411,P0096,9,4392,0,U013
V000337,2024-07-10,C0497,P0129,10,3520,0,U040
V000338,2024-04-30,C0301,P0066,3,696,0,U028
V000339,2023-02-14,C0417,P0192,3,309,15,U041
V000340,2024-11-13,C0328,P0072,3,912,15,U007
V000341,2023-08-03,C0111,P0120,10,800,0,U042
V000342,2023-05-07,C0014,P0148,5,1295,10,U041
V000343,2024-01-18,C0349,P0028,10,4990,10,U046
V000344,2024-07-19,C0263,P0091,3,1170,0,U021
V000345,2023-03-13,C0254,P0097,4,1908,15,U015
V000346,2023-04-10,C0120,P0189,6,2118,5,U004
V000347,2023-09-04,C0033,P0043,4,1628,15,U031
V000348,2023-09-11,C0177,P0160,5,1460,10,U037
V000349,2023-05-10,C0476,P0037,1,155,0,U031
V000350,2023-04-05,C0012,P0165,2,494,10,U011
V000351,2023-05-10,C0317,P0087,8,1624,15,U002
V000352,2023-07-06,C0375,P0137,4,668,0,U021
V000353,2024-02-05,C0308,P0028,7,2002,15,U025
V000354,2024-04-05,C0357,P0030,2,842,0,U022
V000355,2024-03-19,C0165,P0103,9,1458,0,U011
V000356,2024-07-30,C0424,P0169,3,645,0,U044
V000357,2023-03-06,C0194,P0191,1,180,10,U049
V000358,2023-01-07,C0116,P0175,6,2382,15,U042
V000359,2024-05-13,C0344,P0105,8,704,10,U037
V000360,2023-06-25,C0483,P0099,8,3808,0,U023
V000361,2023-06-18,C0378,P0004,9,963,10,U019
V000362,2023-08-19,C0106,P0046,7,1841,5,U042
V000363,2023-09-23,C0018,P0195,7,1610,0,U033
V000364,2023-04-01,C0305,P0063,9,4275,0,U021
V000365,2024-11-03,C0491,P0029,6,2766,5,U035
V000366,2023-09-17,C0197,P0049,4,460,0,U020
V000367,2024-06-27,C0258,P0195,9,1521,0,U028
V000368,2023-11-05,C0349,P0055,9,783,10,U044
V000369,2023-07-14,C0083,P0087,6,1896,0,U042
V000370,2023-12-19,C0016,P0101,1,168,10,U045
V000371,2023-08-20,C0116,P0055,2,696,5,U028
V000372,2024-10-31,C0374,P0165,6,492,0,U042
V000373,2024-11-01,C0060,P0146,3,504,0,U027
V000374,2023-09-23,C0308,P0059,3,336,10,U040
V000375,2024-08-22,C0176,P0177,7,2079,10,U022
V000376,2024-11-04,C0069,P0111,9,2124,0,U030
V000377,2023-05-31,C0411,P0025,4,1320,0,U028
V000378,2024-02-08,C0482,P0001,8,1096,0,U024
V000379,2023-01-11,C0034,P0113,6,1608,5,U029
V000380,2024-04-05,C0349,P0175,4,1748,0,U018
V000381,2023-10-17,C0212,P0163,6,1284,0,U027
V000382,2023-08-29,C0178,P0130,7,3346,10,U005
V000383,2023-08-25,C0420,P0175,5,1775,0,U010
V000384,2023-07-01,C0132,P0055,10,1280,10,U032
V000385,2023-08-04,C0411,P0158,5,1985,5,U003
V000386,2024-09-22,C0492,P0171,3,528,0,U019
V000387,2023-06-28,C0143,P0168,8,2592,0,U039
V000388,2023-12-31,C0234,P0028,2,658,15,U016
V000389,2024-11-21,C0388,P0015,10,4340,15,U022
V000390,2024-02-09,C0084,P0072,10,1230,10,U034
V000391,2023-08-19,C0298,P0038,1,72,5,U034
V000392,2024-07-01,C0450,P0087,10,2950,5,U029
V000393,2023-09-25,C0044,P0015,4,1872,0,U044
V000394,2024-01-25,C0292,P0068,2,784,0,U042
V000395,2023-04-05,C0320,P0123,10,2390,15,U048
V000396,2023-04-21,C0099,P0131,3,1440,15,U024
V000397,2024-11-18,C0195,P0094,6,1092,0,U003
V000398,2024-09-12,C0373,P0192,3,609,15,U022
V000399,2024-11-30,C0029,P0014,9,3969,0,U046
V000400,2023-09-24,C0350,P0098,3,1365,0,U046
V000401,2023-08-31,C0355,P0083,7,2520,10,U041
V000402,2023-06-02,C0338,P0109,7,3080,0,U045
V000403,2023-11-11,C0166,P0088,1,287,10,U014
V000404,2024-02-05,C0085,P0036,10,3980,0,U007
V000405,2023-03-06,C0135,P0165,7,3059,15,U012
V000406,2023-11-06,C0308,P0195,6,2784,5,U038
V000407,2023-05-10,C0227,P0129,9,3996,0,U044
V000408,2023-06-13,C0251,P0083,10,4560,5,U023
V000409,2023-06-24,C0370,P0065,3,1302,0,U046
V000410,2023-06-12,C0249,P0017,7,1568,5,U041
V000411,2024-03-30,C0239,P0154,10,1970,0,U019
V000412,2023-09-19,C0027,P0026,3,633,0,U015
V000413,2024-07-08,C0466,P0092,10,2510,15,U036
V000414,2023-06-06,C0259,P0199,10,3420,5,U040
V000415,2024-05-18,C0399,P0075,6,714,5,U006
V000416,2024-11-01,C0190,P0160,2,540,15,U001
V000417,2023-03-12,C0428,P0077,1,347,10,U026
V000418,2023-08-10,C0033,P0119,9,711,0,U037
V000419,2024-10-24,C0174,P0042,9,882,0,U031
V000420,2024-01-27,C0282,P0086,9,4437,10,U032
V000421,2024-08-02,C0049,P0030,9,3546,0,U026
V000422,2023-11-08,C0260,P0090,4,1756,5,U013
V000423,2024-02-18,C0436,P0168,10,900,0,U046
V000424,2024-05-09,C0227,P0080,8,1416,0,U002
V000425,2023-10-12,C0372,P0153,6,1590,5,U026
V000426,2023-01-03,C0077,P0022,8,2368,15,U032
V000427,2023-04-08,C0494,P0033,8,2576,0,U029
V000428,2024-07-05,C0150,P0030,10,500,15,U007
V000429,2023-10-21,C0065,P0177,1,274,10,U037
V000430,2023-07-14,C0318,P0040,2,646,0,U028
V000431,2023-06-10,C0256,P0102,10,3430,0,U019
V000432,2023-09-23,C0437,P0060,3,1179,0,U025
V000433,2024-09-29,C0112,P0140,9,3753,0,U031
V000434,2024-09-11,C0399,P0188,6,2016,0,U010
V000435,2024-06-07,C0053,P0142,10,2550,0,U030
V000436,2023-08-30,C0374,P0148,10,2740,0,U022
V000437,2023-12-28,C0330,P0174,10,2140,0,U049
V000438,2024-10-05,C0264,P0153,1,102,15,U034
V000439,2023-02-03,C0308,P0104,6,876,0,U048
V000440,2024-07-18,C0042,P0030,2,200,0,U001
V000441,2024-02-18,C0018,P0176,1,108,5,U039
V000442,2023-11-29,C0043,P0165,8,2912,5,U048
V000443,2023-02-25,C0435,P0104,8,2256,0,U005
V000444,2023-11-27,C0361,P0123,3,1332,0,U045
V000445,2024-07-15,C0441,P0040,3,786,5,U016
V000446,2024-11-08,C0413,P0193,7,847,10,U018
V000447,2023-05-12,C0457,P0181,4,316,10,U030
V000448,2023-05-21,C0432,P0061,4,1508,5,U006
V000449,2024-08-10,C0114,P0020,8,568,5,U041
V000450,2023-02-27,C0469,P0163,8,440,0,U044
V000451,2024-11-04,C0367,P0012,6,1758,15,U020
V000452,2023-12-22,C0345,P0165,5,2080,0,U008
V000453,2023-05-11,C0271,P0038,10,2620,15,U003
V000454,2024-11-29,C0015,P0033,4,808,0,U019
V000455,2023-11-08,C0483,P0187,4,532,10,U015
V000456,2023-01-18,C0191,P0072,3,543,0,U023
V000457,2023-11-29,C0451,P0078,7,3171,10,U045
V000458,2024-08-08,C0065,P0003,9,4392,15,U002
V000459,2023-12-22,C0184,P0131,1,195,10,U048
V000460,2024-09-23,C0149,P0098,5,1990,10,U026
V000461,2023-06-02,C0291,P0187,4,544,0,U024
V000462,2023-02-22,C0482,P0043,1,430,5,U017
V000463,2023-04-13,C0116,P0054,7,763,15,U044
V000464,2024-03-07,C0207,P0146,1,433,0,U040
V000465,2024-04-26,C0346,P0038,9,1422,0,U026
V000466,2023-12-04,C0151,P0121,7,1218,0,U026
V000467,2023-04-01,C0055,P0078,4,216,5,U010
V000468,2023-03-10,C0404,P0074,4,1648,15,U041
V000469,2024-09-18,C0467,P0192,3,255,0,U034
V000470,2024-09-02,C0058,P0177,3,399,0,U002
V000471,2023-10-04,C0144,P0038,3,189,5,U039
V000472,2023-01-10,C0122,P0006,7,889,5,U032
V000473,2024-05-11,C0058,P0150,10,2350,5,U012
V000474,2023-12-22,C0472,P0165,6,2736,0,U011
V000475,2023-08-28,C0119,P0068,6,876,15,U026
V000476,2023-01-28,C0210,P0097,10,3480,0,U039
V000477,2024-03-17,C0235,P0133,9,1062,15,U048
V000478,2024-10-01,C0381,P0096,4,580,0,U033
V000479,2024-11-01,C0341,P0171,2,908,10,U015
V000480,2024-03-24,C0108,P0094,9,2835,0,U034
V000481,2024-06-15,C0468,P0039,5,1480,0,U034
V000482,2023-01-14,C0186,P0136,1,476,15,U011
V000483,2023-09-29,C0177,P0187,7,2716,0,U044
V000484,2024-03-09,C0068,P0173,7,2289,0,U023
V000485,2024-04-04,C0383,P0149,10,4450,10,U042
V000486,2024-03-21,C0432,P0130,9,1440,0,U038
V000487,2023-12-28,C0126,P0133,7,896,15,U010
V000488,2024-05-02,C0288,P0051,1,316,0,U019
V000489,2023-05-24,C0003,P0170,1,417,0,U005
V000490,2024-11-25,C0228,P0120,7,2219,0,U004
V000491,2024-07-05,C0072,P0037,4,1288,0,U038
V000492,2023-09-27,C0427,P0177,2,824,5,U048
V000493,2024-03-16,C0084,P0037,4,268,0,U020
V000494,2024-09-05,C0486,P0082,6,1644,0,U035
V000495,2024-06-11,C0156,P0025,8,3680,0,U001
V000496,2023-07-01,C0218,P0051,10,2220,15,U007
V000497,2024-05-17,C0392,P0105,7,3031,0,U006
V000498,2024-11-05,C0297,P0158,8,2240,15,U036
V000499,2023-05-15,C0061,P0079,9,1791,0,U037
V000500,2024-01-04,C0396,P0062,6,2568,10,U001
V000501,2023-09-30,C0039,P0067,7,3388,10,U017
V000502,2024-04-07,C0321,P0017,8,1296,0,U049
V000503,2023-06-06,C0023,P0094,8,2304,10,U031
V000504,2023-12-06,C0324,P0126,9,4032,0,U043
V000505,2023-08-18,C0285,P0150,9,3762,10,U028
V000506,2023-02-03,C0214,P0124,7,539,15,U039
V000507,2024-03-10,C0009,P0007,3,1221,5,U033
V000508,2023-07-05,C0045,P0117,5,260,5,U033
V000509,2023-06-02,C0367,P0124,2,712,15,U034
V000510,2023-11-02,C0403,P0177,10,3650,5,U016
V000511,2024-11-20,C0135,P0024,7,1834,5,U038
V000512,2023-09-01,C0288,P0123,8,424,0,U020
V000513,2024-04-08,C0428,P0108,4,1168,0,U038
V000514,2024-05-29,C0175,P0197,4,1288,5,U020
V000515,2023-04-25,C0202,P0004,10,1510,5,U034
V000516,2023-09-13,C0143,P0159,8,1856,0,U004
V000517,2024-02-28,C0215,P0085,3,1296,0,U041
V000518,2023-06-19,C0323,P0146,2,464,5,U043
V000519,2023-04-26,C0112,P0071,2,260,0,U031
V000520,2023-01-17,C0029,P0156,1,459,0,U021
V000521,2023-04-19,C0273,P0199,4,500,10,U043
V000522,2023-11-14,C0051,P0022,8,1408,0,U025
V000523,2023-02-09,C0328,P0186,1,159,10,U024
V000524,2023-04-18,C0392,P0067,8,1976,0,U003
V000525,2023-04-07,C0021,P0049,9,2880,0,U050
V000526,2024-07-13,C0126,P0067,1,97,0,U025
V000527,2024-03-17,C0418,P0100,9,459,5,U023
V000528,2024-08-22,C0400,P0020,9,1368,15,U039
V000529,2024-04-01,C0110,P0113,5,2365,0,U035
V000530,2023-07-05,C0148,P0025,7,1337,0,U021
V000531,2024-01-11,C0083,P0149,5,1230,0,U016
V000532,2023-02-14,C0487,P0068,4,1352,10,U020
V000533,2024-11-05,C0380,P0011,4,1992,0,U012
V000534,2023-09-05,C0311,P0067,7,448,0,U030
V000535,2023-02-09,C0024,P0127,5,1850,15,U008
V000536,2023-01-05,C0097,P0080,8,3592,0,U030
V000537,2023-05-08,C0065,P0062,8,1208,0,U026
V000538,2023-11-20,C0253,P0180,4,1292,15,U016
V000539,2023-04-14,C0128,P0102,10,3040,15,U017
V000540,2023-09-12,C0249,P0127,6,1236,0,U030
V000541,2023-06-28,C0003,P0141,7,1799,15,U027
V000542,2023-01-20,C0381,P0159,8,2888,5,U023
V000543,2023-08-07,C0058,P0188,1,181,0,U033
V000544,2024-02-04,C0430,P0126,4,752,0,U034
V000545,2024-04-20,C0158,P0028,6,756,0,U007
V000546,2023-01-21,C0275,P0052,10,2150,0,U003
V000547,2023-07-14,C0031,P0127,5,1620,5,U018
V000548,2024-01-11,C0329,P0119,10,3630,5,U028
V000549,2023-05-14,C0128,P0068,8,2328,10,U028
V000550,2023-10-28,C0353,P0166,6,1740,5,U009
V000551,2023-02-15,C0021,P0103,9,2052,5,U046
V000552,2023-07-20,C0446,P0184,4,912,0,U038
V000553,2023-11-21,C0271,P0067,3,666,15,U035
V000554,2024-05-13,C0132,P0200,8,3664,0,U025
V000555,2023-04-21,C0041,P0094,6,654,10,U008
V000556,2024-07-20,C0463,P0001,7,364,0,U021
V000557,2023-06-10,C0078,P0122,2,928,15,U049
V000558,2023-04-28,C0253,P0180,4,1888,0,U018
V000559,2023-09-03,C0215,P0014,7,2072,15,U040
V000560,2023-07-11,C0146,P0166,10,4460,0,U022
V000561,2023-09-16,C0340,P0031,7,2429,0,U011
V000562,2024-07-11,C0116,P0019,8,2664,0,U007
V000563,2023-05-28,C0424,P0091,10,4510,0,U042
V000564,2023-01-17,C0052,P0093,8,1064,5,U038
V000565,2023-12-04,C0214,P0177,8,3440,5,U012
V000566,2023-11-18,C0195,P0068,10,3880,10,U009
V000567,2023-10-05,C0498,P0085,6,522,0,U021
V000568,2024-03-31,C0261,P0110,5,1360,10,U023
V000569,2024-07-24,C0211,P0157,4,1008,10,U022
V000570,2023-03-24,C0058,P0023,9,1611,5,U013
V000571,2023-11-07,C0316,P0038,8,1264,10,U007
V000572,2024-10-24,C0046,P0071,1,478,0,U023
V000573,2023-03-12,C0227,P0118,5,1270,0,U011
V000574,2023-01-25,C0162,P0164,9,4032,10,U016
V000575,2023-07-21,C0017,P0003,6,828,0,U018
V000576,2023-04-11,C0095,P0152,8,704,10,U036
V000577,2023-09-22,C0222,P0077,6,2592,10,U018
V000578,2023-07-30,C0367,P0025,3,381,0,U013
V000579,2023-09-27,C0177,P0046,10,3610,0,U050
V000580,2023-04-04,C0227,P0015,7,889,0,U032
V000581,2024-03-20,C0335,P0050,6,1938,0,U049
V000582,2024-04-07,C0460,P0081,10,4250,0,U030
V000583,2023-05-12,C0189,P0187,6,822,0,U001
V000584,2023-09-09,C0305,P0114,7,2051,0,U044
V000585,2024-06-08,C0421,P0035,3,1233,5,U020
V000586,2024-01-14,C0021,P0095,9,2970,10,U045
V000587,2024-07-26,C0102,P0170,5,2275,5,U025
V000588,2024-07-27,C0258,P0197,6,1326,15,U002
V000589,2024-07-05,C0009,P0080,2,278,5,U031
V000590,2024-06-30,C0168,P0135,1,429,5,U017
V000591,2023-06-22,C0380,P0070,5,2415,0,U031
V000592,2023-11-22,C0034,P0119,10,2080,0,U048
V000593,2024-01-04,C0095,P0191,8,2968,10,U032
V000594,2023-12-28,C0361,P0200,8,2912,15,U007
V000595,2024-01-22,C0298,P0143,10,4290,0,U012
V000596,2023-07-08,C0298,P0016,1,90,5,U047
V000597,2024-05-27,C0388,P0017,3,990,5,U023
V000598,2023-12-07,C0132,P0162,4,1292,5,U020
V000599,2023-02-15,C0037,P0062,4,1404,0,U024
V000600,2024-06-04,C0463,P0121,8,816,5,U040
V000601,2023-11-21,C0355,P0075,3,1128,0,U038
V000602,2024-03-20,C0254,P0191,3,903,15,U048
V000603,2024-09-12,C0371,P0102,4,1996,0,U046
V000604,2023-12-02,C0256,P0026,9,4275,0,U017
V000605,2024-11-13,C0230,P0045,8,3568,0,U009
V000606,2023-09-04,C0494,P0056,9,900,15,U025
V000607,2023-07-26,C0321,P0040,3,1242,0,U026
V000608,2024-06-10,C0101,P0110,1,322,0,U009
V000609,2023-05-15,C0213,P0042,2,372,15,U046
V000610,2024-06-16,C0356,P0067,6,1140,0,U016
V000611,2024-02-13,C0296,P0073,3,969,5,U011
V000612,2023-11-05,C0499,P0050,3,243,0,U031
V000613,2024-04-27,C0448,P0174,7,441,0,U026
V000614,2024-08-20,C0364,P0017,6,318,0,U031
V000615,2023-12-12,C0006,P0008,1,297,0,U034
V000616,2023-12-17,C0329,P0036,9,1944,0,U001
V000617,2023-04-20,C0255,P0088,3,798,10,U010
V000618,2023-11-27,C0167,P0007,2,852,0,U030
V000619,2023-01-11,C0213,P0079,1,256,10,U008
V000620,2023-09-03,C0438,P0086,3,1446,5,U042
V000621,2024-03-09,C0225,P0069,10,3960,15,U003
V000622,2023-02-20,C0361,P0051,7,2331,5,U018
V000623,2023-10-21,C0183,P0146,5,2055,15,U022
V000624,2023-08-27,C0470,P0023,8,1000,10,U022
V000625,2024-11-21,C0256,P0078,6,3000,0,U038
V000626,2023-10-03,C0220,P0101,10,4970,0,U006
V000627,2024-07-17,C0128,P0033,8,1168,0,U027
V000628,2023-03-25,C0321,P0053,5,1045,0,U032
V000629,2024-06-20,C0497,P0059,1,453,0,U003
V000630,2023-03-07,C0278,P0166,3,915,0,U002
V000631,2023-08-22,C0025,P0129,7,3248,0,U044
V000632,2024-01-20,C0097,P0064,10,4460,0,U010
V000633,2023-08-14,C0464,P0017,10,800,10,U025
V000634,2024-08-19,C0437,P0054,7,2765,5,U013
V000635,2024-04-11,C0382,P0151,8,800,10,U034
V000636,2023-05-20,C0244,P0095,1,250,0,U014
V000637,2024-01-12,C0348,P0154,6,306,5,U008
V000638,2023-04-07,C0442,P0024,10,4970,5,U026
V000639,2023-07-27,C0168,P0160,4,944,10,U027
V000640,2023-04-02,C0361,P0081,4,2000,0,U002
V000641,2023-07-16,C0201,P0016,8,2064,5,U002
V000642,2023-01-05,C0127,P0061,9,1683,10,U024
V000643,2024-06-19,C0320,P0058,8,2120,5,U038
V000644,2023-12-13,C0300,P0079,10,1770,10,U049
V000645,2024-06-26,C0145,P0067,2,608,0,U024
V000646,2023-08-02,C0279,P0135,9,918,10,U023
V000647,2024-05-25,C0452,P0188,3,1155,0,U017
V000648,2023-06-19,C0361,P0077,6,1494,5,U020
V000649,2023-02-06,C0045,P0179,9,3069,5,U002
V000650,2024-05-05,C0325,P0036,5,1345,0,U049
V000651,2024-08-19,C0110,P0135,7,595,0,U022
V000652,2023-04-25,C0412,P0135,7,742,10,U024
V000653,2024-02-27,C0282,P0031,6,1722,0,U014
V000654,2024-03-14,C0402,P0078,5,2270,0,U044
V000655,2024-02-29,C0352,P0146,3,219,10,U010
V000656,2024-10-19,C0453,P0104,6,2118,0,U018
V000657,2023-04-05,C0164,P0024,5,1965,10,U036
V000658,2024-03-19,C0500,P0195,7,2758,0,U003
V000659,2024-04-03,C0320,P0042,9,2133,0,U049
V000660,2024-07-26,C0329,P0056,2,696,5,U039
V000661,2023-04-17,C0475,P0039,7,1953,10,U010
V000662,2023-05-18,C0123,P0004,5,1925,0,U011
V000663,2024-04-11,C0282,P0067,2,878,5,U006
V000664,2023-03-14,C0475,P0099,9,1638,15,U028
V000665,2024-01-19,C0451,P0026,8,2056,0,U046
V000666,2024-02-02,C0443,P0100,2,548,10,U028
V000667,2024-05-15,C0387,P0159,7,525,0,U017
V000668,2023-02-27,C0391,P0200,2,480,0,U012
V000669,2023-01-16,C0053,P0143,1,382,10,U039
V000670,2024-05-03,C0468,P0119,9,4014,10,U005
V000671,2023-06-08,C0470,P0183,7,2947,0,U045
V000672,2023-04-26,C0063,P0152,9,2385,5,U041
V000673,2023-04-14,C0264,P0091,9,3915,0,U032
V000674,2024-01-07,C0003,P0108,3,1410,0,U030
V000675,2023-05-27,C0084,P0036,10,2270,0,U050
V000676,2023-01-22,C0044,P0182,3,996,10,U047
V000677,2024-06-14,C0148,P0074,1,93,15,U029
V000678,2024-01-24,C0224,P0091,3,1413,5,U040
V000679,2023-09-16,C0368,P0017,6,1002,0,U018
V000680,2023-03-16,C0083,P0054,2,630,5,U043
V000681,2023-02-21,C0250,P0131,7,1365,15,U004
V000682,2024-07-03,C0407,P0021,6,2718,15,U020
V000683,2023-05-12,C0165,P0037,3,930,0,U044
V000684,2023-11-26,C0059,P0054,6,1206,0,U037
V000685,2023-01-02,C0119,P0186,3,255,5,U018
V000686,2023-08-04,C0202,P0073,5,250,5,U050
V000687,2024-02-15,C0461,P0146,5,705,15,U007
V000688,2023-09-15,C0137,P0193,8,1992,0,U028
V000689,2023-02-08,C0196,P0007,5,1555,0,U018
V000690,2024-07-29,C0229,P0017,2,128,0,U038
V000691,2024-08-01,C0370,P0152,9,3402,0,U044
V000692,2024-10-30,C0477,P0073,7,3318,15,U028
V000693,2023-07-24,C0497,P0106,7,2352,15,U023
V000694,2024-08-13,C0278,P0018,6,1404,0,U006
V000695,2024-06-03,C0094,P0198,6,1308,5,U035
V000696,2024-02-23,C0336,P0058,4,684,5,U039
V000697,2024-04-05,C0298,P0131,8,2008,10,U030
V000698,2023-08-25,C0105,P0028,8,1800,0,U036
V000699,2024-03-26,C0305,P0056,4,868,5,U020
V000700,2023-05-31,C0129,P0006,4,1880,5,U005
V000701,2024-07-13,C0422,P0025,10,4870,5,U047
V000702,2024-04-08,C0359,P0129,8,560,0,U035
V000703,2023-05-03,C0171,P0181,2,376,10,U007
V000704,2023-12-04,C0230,P0158,7,371,5,U001
V000705,2024-03-10,C0328,P0020,2,406,0,U035
V000706,2023-12-25,C0202,P0022,7,1876,15,U007
V000707,2024-07-07,C0360,P0156,10,3010,5,U041
V000708,2024-01-09,C0449,P0148,1,172,0,U036
V000709,2023-09-11,C0337,P0062,1,128,0,U015
V000710,2024-06-06,C0264,P0013,9,4320,0,U041
V000711,2023-12-07,C0478,P0065,5,2365,10,U040
V000712,2023-05-11,C0483,P0167,3,1299,0,U048
V000713,2024-10-12,C0008,P0047,10,4810,5,U028
V000714,2024-04-17,C0404,P0178,3,1137,15,U035
V000715,2023-06-11,C0267,P0039,4,1012,5,U046
V000716,2024-05-16,C0471,P0138,9,3645,5,U007
V000717,2023-02-14,C0138,P0058,10,3130,0,U008
V000718,2024-04-01,C0397,P0112,1,269,5,U023
V000719,2024-10-20,C0044,P0168,2,928,5,U043
V000720,2023-05-11,C0293,P0006,6,960,10,U014
V000721,2024-04-04,C0115,P0107,10,4460,0,U009
V000722,2024-07-20,C0412,P0198,2,998,10,U044
V000723,2024-01-03,C0109,P0105,2,378,0,U001
V000724,2023-08-25,C0027,P0047,6,2106,0,U019
V000725,2024-10-26,C0350,P0149,1,268,15,U010
V000726,2024-10-13,C0363,P0064,8,1440,10,U035
V000727,2024-05-14,C0267,P0138,10,3830,0,U004
V000728,2023-12-28,C0282,P0103,1,458,0,U012
V000729,2023-07-13,C0294,P0090,5,1035,0,U046
V000730,2024-05-11,C0381,P0189,2,558,0,U027
V000731,2023-10-10,C0117,P0123,9,4419,5,U042
V000732,2023-03-18,C0016,P0047,9,2223,10,U005
V000733,2024-05-23,C0197,P0049,8,3016,0,U046
V000734,2024-02-11,C0122,P0050,1,402,0,U024
V000735,2024-07-31,C0396,P0193,6,1476,0,U041
V000736,2024-07-02,C0314,P0108,9,630,5,U026
V000737,2024-10-10,C0261,P0154,5,2110,10,U029
V000738,2024-11-21,C0492,P0031,9,2925,0,U038
V000739,2023-11-06,C0295,P0093,6,2352,0,U043
V000740,2023-10-29,C0414,P0108,4,404,10,U012
V000741,2023-07-18,C0489,P0051,5,440,10,U020
V000742,2024-02-16,C0099,P0057,9,684,0,U032
V000743,2023-09-10,C0341,P0176,3,546,5,U008
V000744,2023-08-04,C0422,P0137,7,3388,0,U033
V000745,2024-03-30,C0193,P0098,6,702,10,U042
V000746,2023-08-08,C0060,P0185,2,542,15,U050
V000747,2024-08-27,C0378,P0029,7,2744,0,U024
V000748,2023-06-10,C0088,P0173,6,1170,15,U040
V000749,2023-04-08,C0434,P0146,1,280,15,U006
V000750,2023-05-31,C0263,P0034,9,2592,10,U029
V000751,2024-02-01,C0432,P0090,8,2360,15,U028
V000752,2023-12-13,C0143,P0076,8,2504,0,U005
V000753,2024-07-16,C0321,P0122,7,3024,0,U001
V000754,2023-04-24,C0249,P0152,7,980,5,U032
V000755,2023-12-17,C0413,P0141,7,2730,0,U010
V000756,2024-10-31,C0485,P0177,10,500,5,U036
V000757,2023-02-19,C0486,P0117,10,630,0,U048
V000758,2024-06-12,C0030,P0037,6,2334,0,U014
V000759,2024-07-22,C0061,P0195,10,4130,0,U012
V000760,2023-11-20,C0368,P0083,7,3122,5,U036
V000761,2024-09-03,C0248,P0117,8,496,0,U020
V000762,2023-08-21,C0446,P0188,2,674,0,U036
V000763,2024-04-18,C0434,P0069,2,616,0,U031
V000764,2023-12-10,C0247,P0139,3,1395,0,U024
V000765,2023-05-27,C0379,P0090,5,910,10,U001
V000766,2023-04-18,C0227,P0110,10,1150,0,U043
V000767,2024-08-15,C0009,P0066,2,538,10,U012
V000768,2024-10-24,C0299,P0023,3,234,10,U027
V000769,2024-06-16,C0185,P0030,4,388,0,U003
V000770,2024-11-29,C0237,P0154,5,370,0,U043
V000771,2024-05-09,C0209,P0076,10,600,10,U016
V000772,2024-01-29,C0194,P0125,5,860,10,U004
V000773,2024-04-27,C0338,P0154,2,792,0,U029
V000774,2023-08-30,C0069,P0128,3,1164,15,U027
V000775,2024-07-07,C0021,P0123,7,1701,0,U012
V000776,2023-03-24,C0027,P0068,10,2820,5,U025
V000777,2023-10-18,C0336,P0130,7,1680,15,U009
V000778,2024-06-19,C0180,P0059,6,2616,10,U035
V000779,2023-12-02,C0434,P0063,3,1473,0,U025
V000780,2023-10-17,C0243,P0111,10,1880,0,U047
V000781,2024-06-28,C0278,P0136,2,876,0,U050
V000782,2023-12-01,C0427,P0178,8,3408,0,U028
V000783,2023-11-21,C0481,P0174,1,248,0,U024
V000784,2023-09-03,C0175,P0173,6,2286,0,U032
V000785,2024-11-10,C0116,P0021,10,1930,0,U048
V000786,2023-03-31,C0428,P0015,2,102,15,U022
V000787,2023-11-25,C0464,P0118,6,2472,15,U033
V000788,2024-04-22,C0077,P0041,9,3537,0,U046
V000789,2023-07-29,C0240,P0075,3,747,5,U047
V000790,2023-08-31,C0442,P0095,8,1480,0,U036
V000791,2024-07-02,C0316,P0123,9,4383,15,U020
V000792,2023-10-20,C0266,P0053,4,908,15,U049
V000793,2023-01-04,C0483,P0062,5,1240,0,U039
V000794,2024-06-21,C0150,P0064,1,374,10,U030
V000795,2024-09-01,C0412,P0180,6,1320,15,U030
V000796,2023-05-22,C0338,P0129,10,3280,0,U026
V000797,2023-01-26,C0214,P0122,7,1540,10,U020
V000798,2024-08-09,C0204,P0167,1,377,0,U038
V000799,2023-09-20,C0202,P0129,9,3690,0,U014
V000800,2023-08-10,C0341,P0077,6,2694,0,U048
V000801,2023-12-14,C0382,P0170,10,4920,0,U026
V000802,2024-07-14,C0180,P0121,7,2842,10,U019
V000803,2024-01-08,C0493,P0178,1,387,10,U020
V000804,2023-02-10,C0027,P0027,8,3248,0,U037
V000805,2024-11-05,C0363,P0062,6,2994,0,U050
V000806,2023-12-27,C0278,P0159,3,981,5,U013
V000807,2024-08-06,C0293,P0023,9,2034,0,U035
V000808,2023-06-05,C0460,P0134,1,82,0,U011
V000809,2023-12-06,C0307,P0197,2,688,15,U050
V000810,2023-03-10,C0485,P0086,6,2772,10,U046
V000811,2023-11-29,C0090,P0093,8,1104,15,U011
V000812,2024-09-10,C0484,P0148,4,1624,5,U009
V000813,2023-05-09,C0140,P0055,6,2658,15,U007
V000814,2023-12-31,C0205,P0010,8,1376,0,U038
V000815,2023-02-02,C0421,P0128,3,1389,15,U013
V000816,2024-05-26,C0377,P0006,7,2072,10,U011
V000817,2023-01-03,C0459,P0061,9,3960,10,U033
V000818,2023-04-23,C0340,P0160,5,1910,0,U022
V000819,2024-02-18,C0014,P0119,7,2856,0,U013
V000820,2023-12-11,C0288,P0114,9,1278,15,U050
V000821,2024-03-09,C0415,P0179,3,1365,0,U007
V000822,2023-10-06,C0057,P0152,8,744,0,U031
V000823,2024-08-18,C0401,P0190,4,1268,0,U001
V000824,2023-02-03,C0276,P0066,5,1985,10,U001
V000825,2024-01-04,C0086,P0135,10,1660,0,U047
V000826,2023-03-28,C0061,P0070,1,74,0,U022
V000827,2024-02-16,C0342,P0087,1,266,15,U016
V000828,2024-11-29,C0088,P0142,2,102,0,U037
V000829,2023-11-23,C0315,P0009,3,228,10,U022
V000830,2023-08-06,C0406,P0121,3,582,5,U003
V000831,2024-08-31,C0194,P0030,4,1708,10,U033
V000832,2024-09-01,C0362,P0166,8,2304,0,U045
V000833,2023-04-17,C0262,P0158,1,446,15,U019
V000834,2024-07-26,C0332,P0157,6,552,0,U021
V000835,2023-06-22,C0173,P0110,8,1192,5,U033
V000836,2023-05-27,C0192,P0097,2,704,5,U042
V000837,2023-08-24,C0281,P0161,8,1248,0,U045
V000838,2023-08-07,C0451,P0163,1,241,10,U031
V000839,2024-02-25,C0017,P0067,2,768,0,U045
V000840,2024-09-19,C0055,P0045,2,728,10,U045
V000841,2023-11-01,C0187,P0139,9,3861,0,U049
V000842,2024-02-23,C0453,P0116,7,994,0,U015
V000843,2023-11-20,C0305,P0089,9,801,15,U033
V000844,2023-01-05,C0188,P0050,6,1254,10,U006
V000845,2024-08-03,C0312,P0136,10,3380,0,U025
V000846,2023-07-30,C0048,P0188,3,984,15,U026
V000847,2023-11-23,C0249,P0175,5,560,10,U034
V000848,2024-05-03,C0184,P0101,5,580,5,U013
V000849,2023-08-17,C0276,P0042,8,2408,15,U038
V000850,2023-04-29,C0205,P0107,5,2375,5,U025
V000851,2023-09-12,C0462,P0174,9,468,0,U033
V000852,2024-08-05,C0402,P0125,7,1099,0,U039
V000853,2023-03-22,C0023,P0101,4,1764,0,U008
V000854,2024-05-12,C0390,P0015,5,775,0,U014
V000855,2023-01-13,C0159,P0127,8,3088,0,U035
V000856,2024-01-12,C0463,P0047,7,1085,0,U029
V000857,2023-08-28,C0186,P0085,1,314,5,U041
V000858,2024-02-14,C0282,P0063,6,828,15,U005
V000859,2023-03-28,C0441,P0041,7,3479,15,U018
V000860,2024-04-04,C0257,P0014,6,1650,0,U050
V000861,2023-08-01,C0041,P0104,9,2673,0,U029
V000862,2023-06-26,C0049,P0053,10,3780,0,U023
V000863,2024-02-06,C0340,P0048,7,1834,5,U045
V000864,2024-06-30,C0353,P0082,10,3910,15,U007
V000865,2024-06-06,C0002,P0099,4,1492,15,U028
V000866,2024-01-22,C0405,P0198,5,2120,10,U005
V000867,2024-08-05,C0226,P0138,3,1455,0,U016
V000868,2023-12-24,C0256,P0144,6,2202,10,U008
V000869,2023-07-24,C0122,P0073,9,1008,5,U022
V000870,2024-07-15,C0405,P0087,5,1925,10,U028
V000871,2024-11-03,C0028,P0096,5,525,0,U019
V000872,2024-01-03,C0363,P0031,4,832,5,U034
V000873,2024-07-28,C0198,P0053,6,2352,15,U002
V000874,2023-01-10,C0026,P0040,8,1104,10,U012
V000875,2024-08-16,C0011,P0166,9,3069,0,U036
V000876,2024-10-13,C0230,P0076,8,1632,15,U030
V000877,2024-08-08,C0043,P0189,5,625,0,U015
V000878,2023-02-10,C0081,P0141,7,2646,15,U017
V000879,2024-01-29,C0487,P0169,7,805,5,U035
V000880,2024-10-20,C0499,P0066,2,370,10,U021
V000881,2024-04-30,C0027,P0120,5,680,5,U011
V000882,2023-04-19,C0078,P0193,5,1585,0,U035
V000883,2024-08-28,C0250,P0048,4,1680,0,U050
V000884,2024-05-24,C0240,P0066,10,3320,10,U038
V000885,2023-05-10,C0001,P0188,8,3432,5,U045
V000886,2025-12-01,C0257,P0111,8,1488,5,U020
V000887,2025-12-01,C0008,P0011,5,2040,0,U028
V000888,2025-12-01,C0273,P0010,2,310,0,U038
V000889,2025-12-01,C0371,P0067,5,2210,15,U013
V000890,2025-12-01,C0400,P0042,3,1284,15,U035
V000891,2025-12-06,C0274,P0194,2,330,15,U049
V000892,2025-10-16,C0358,P0193,8,2296,0,U033
V000893,2025-10-03,C0005,P0009,3,1404,10,U036
V000894,2025-10-27,C0226,P0188,9,2439,5,U027
V000895,2025-08-21,C0307,P0081,3,891,10,U019
V000896,2025-08-25,C0430,P0075,4,324,15,U037
V000897,2025-10-19,C0471,P0065,3,222,10,U020
V000898,2025-11-02,C0014,P0105,3,531,15,U025
V000899,2025-12-04,C0438,P0065,7,1183,15,U005
V000900,2025-06-02,C0242,P0131,1,227,0,U031
V000901,2025-01-29,C0408,P0148,3,1347,0,U037
V000902,2025-09-02,C0454,P0170,5,1775,0,U005
V000903,2025-04-20,C0322,P0088,2,134,15,U012
V000904,2025-11-06,C0493,P0158,6,1194,15,U029
V000905,2025-02-02,C0391,P0058,7,2261,15,U050
V000906,2025-03-11,C0368,P0089,7,2716,10,U017
V000907,2025-06-26,C0223,P0047,10,4340,10,U006
V000908,2025-10-02,C0002,P0194,3,537,5,U028
V000909,2025-05-25,C0276,P0057,3,1107,0,U007
V000910,2025-09-04,C0365,P0122,1,215,0,U005
V000911,2025-04-10,C0429,P0195,4,1304,10,U042
V000912,2025-10-27,C0464,P0041,1,187,15,U046
V000913,2025-05-14,C0125,P0169,1,479,0,U008
V000914,2025-09-20,C0184,P0052,8,1896,15,U020
V000915,2025-10-28,C0422,P0184,2,662,10,U047
V000916,2025-07-04,C0094,P0200,10,1990,0,U044
V000917,2025-04-24,C0489,P0052,5,665,10,U005
V000918,2025-08-20,C0298,P0006,5,2335,0,U024
V000919,2025-07-04,C0211,P0021,2,610,0,U011
V000920,2025-08-24,C0339,P0075,1,294,5,U001
V000921,2025-12-07,C0384,P0176,9,4050,0,U005
V000922,2025-03-01,C0266,P0121,10,1240,5,U035
V000923,2025-09-12,C0005,P0162,5,1720,0,U043
V000924,2025-08-01,C0492,P0111,1,325,10,U044
V000925,2025-06-26,C0342,P0128,6,546,0,U047
V000926,2025-04-20,C0375,P0126,4,1492,0,U029
V000927,2025-12-07,C0400,P0057,7,2562,15,U034
V000928,2025-11-24,C0188,P0142,4,1208,0,U032
V000929,2025-02-28,C0228,P0117,1,189,15,U013
V000930,2025-06-01,C0168,P0192,4,1156,0,U047
V000931,2025-01-24,C0165,P0005,5,1880,0,U039
V000932,2025-01-01,C0184,P0148,10,4000,15,U048
V000933,2025-10-27,C0343,P0020,4,1660,5,U024
V000934,2025-09-24,C0020,P0012,3,222,0,U013
V000935,2025-07-17,C0196,P0014,4,800,10,U011
V000936,2025-07-29,C0122,P0150,4,724,0,U027
V000937,2025-02-02,C0295,P0136,4,984,0,U039
V000938,2025-05-03,C0213,P0023,7,455,15,U029
V000939,2025-10-10,C0482,P0085,9,4221,5,U019
V000940,2025-10-24,C0251,P0113,10,4570,0,U023
V000941,2025-07-22,C0185,P0187,6,894,15,U015
V000942,2025-02-24,C0336,P0186,10,3620,10,U048
V000943,2025-02-17,C0347,P0024,8,3344,5,U047
V000944,2025-05-25,C0054,P0035,9,2853,0,U046
V000945,2025-04-28,C0262,P0112,10,1930,5,U033
V000946,2025-02-15,C0311,P0068,6,1308,0,U004
V000947,2025-06-07,C0483,P0172,7,1729,0,U002
V000948,2025-03-06,C0457,P0138,1,275,0,U026
V000949,2025-12-06,C0020,P0174,8,2024,0,U026
V000950,2025-04-21,C0109,P0083,5,2300,0,U004
V000951,2025-03-30,C0314,P0011,10,4410,15,U013
V000952,2025-07-08,C0090,P0068,6,582,0,U010
V000953,2025-12-03,C0392,P0158,7,2926,5,U010
V000954,2025-11-18,C0382,P0178,9,2916,0,U033
V000955,2025-04-08,C0109,P0189,9,4329,5,U019
V000956,2025-06-25,C0341,P0002,9,1251,0,U009
V000957,2025-02-19,C0284,P0146,9,3672,0,U035
V000958,2025-08-10,C0360,P0192,3,876,5,U029
V000959,2025-08-07,C0416,P0005,3,768,0,U022
V000960,2025-11-03,C0328,P0162,2,330,15,U041
V000961,2025-03-23,C0208,P0091,9,4347,0,U012
V000962,2025-03-14,C0114,P0121,9,3123,5,U030
V000963,2025-09-26,C0436,P0177,7,2555,15,U041
V000964,2025-07-14,C0012,P0031,8,3776,5,U045
V000965,2025-06-09,C0052,P0165,4,380,0,U047
V000966,2025-09-11,C0429,P0031,6,2466,0,U044
V000967,2025-05-03,C0224,P0009,2,404,0,U045
V000968,2025-04-14,C0143,P0004,2,586,15,U003
V000969,2025-11-23,C0104,P0111,7,770,0,U038
V000970,2025-04-22,C0484,P0079,8,632,0,U004
V000971,2025-10-31,C0214,P0099,6,1374,0,U034
V000972,2025-08-03,C0455,P0025,10,1480,10,U005
V000973,2025-07-18,C0311,P0029,8,2008,0,U027
V000974,2025-10-22,C0356,P0016,7,3010,15,U011
V000975,2025-09-26,C0231,P0129,1,121,15,U047
V000976,2025-11-20,C0478,P0190,4,1664,15,U010
V000977,2025-01-24,C0436,P0007,6,2178,0,U015
V000978,2025-03-06,C0244,P0058,2,618,10,U046
V000979,2025-12-02,C0002,P0080,9,2358,5,U022
V000980,2025-11-14,C0368,P0175,6,2670,10,U008
V000981,2025-10-30,C0209,P0200,4,748,5,U040
V000982,2025-09-19,C0285,P0107,10,2190,15,U030
V000983,2025-08-25,C0334,P0032,7,2135,0,U049
V000984,2025-07-23,C0413,P0054,8,680,15,U021
V000985,2025-06-30,C0260,P0198,7,728,0,U044
V000986,2025-05-20,C0339,P0149,7,2870,0,U029
V000987,2025-03-01,C0414,P0089,5,370,10,U044
V000988,2025-04-21,C0047,P0199,3,537,0,U035
V000989,2025-02-20,C0029,P0110,1,320,0,U028
V000990,2025-01-24,C0021,P0096,1,212,0,U015
V000991,2025-03-28,C0142,P0030,10,2090,15,U034
V000992,2025-01-11,C0043,P0110,4,344,0,U019
V000993,2025-10-19,C0477,P0083,5,2040,15,U027
V000994,2025-09-25,C0113,P0165,8,2112,5,U037
V000995,2025-07-08,C0297,P0164,10,3540,0,U049
V000996,2025-07-21,C0472,P0198,7,1148,15,U035
V000997,2025-05-17,C0327,P0164,1,333,0,U044
V000998,2025-10-28,C0128,P0002,1,161,0,U010
V000999,2025-10-28,C0464,P0063,5,2485,5,U022
V001000,2025-12-03,C0059,P0027,1,153,0,U026
V001001,2025-03-21,C0266,P0155,5,1505,15,U003
V001002,2025-05-28,C0362,P0149,10,3370,15,U020
V001003,2025-11-05,C0125,P0149,4,484,0,U011
V001004,2025-02-03,C0449,P0010,5,2425,0,U009
V001005,2025-01-21,C0434,P0132,5,1440,15,U022
V001006,2025-10-13,C0096,P0172,7,679,0,U039
V001007,2025-11-09,C0414,P0105,2,414,0,U044
V001008,2025-04-28,C0176,P0041,7,2590,0,U020
V001009,2025-04-11,C0223,P0189,6,1980,0,U004
V001010,2025-02-24,C0317,P0065,1,272,5,U028
V001011,2025-08-25,C0164,P0124,1,450,0,U036
V001012,2025-06-01,C0459,P0047,5,2300,15,U050
V001013,2025-10-03,C0140,P0071,6,1008,10,U018
V001014,2025-03-20,C0057,P0065,10,4270,0,U036
V001015,2025-05-14,C0325,P0018,3,294,5,U024
V001016,2025-03-05,C0142,P0082,1,156,0,U029
V001017,2025-04-25,C0366,P0106,10,3540,0,U042
V001018,2025-06-21,C0154,P0029,8,3000,10,U047
V001019,2025-02-06,C0016,P0169,1,246,0,U028
V001020,2025-01-17,C0415,P0147,3,354,15,U027
V001021,2025-07-02,C0465,P0065,5,2120,15,U006
V001022,2025-10-21,C0248,P0001,2,852,10,U023
V001023,2025-01-19,C0305,P0022,3,198,0,U042
V001024,2025-11-19,C0288,P0159,7,1624,10,U031
V001025,2025-09-16,C0456,P0047,4,432,0,U008
V001026,2025-08-02,C0036,P0045,1,428,10,U006
V001027,2025-05-23,C0302,P0188,1,156,0,U009
V001028,2025-03-21,C0176,P0079,7,1806,5,U001
V001029,2025-07-31,C0440,P0111,3,543,0,U014
V001030,2025-02-07,C0392,P0191,7,1456,0,U021
V001031,2025-01-23,C0089,P0187,4,820,10,U017
V001032,2025-08-16,C0249,P0046,5,1435,5,U021
V001033,2025-08-14,C0170,P0163,1,499,0,U031
V001034,2025-04-08,C0439,P0005,7,539,5,U028
V001035,2025-07-31,C0251,P0133,3,771,0,U018
V001036,2025-04-29,C0439,P0148,2,752,5,U047
V001037,2025-08-17,C0096,P0051,5,340,0,U024
V001038,2025-02-17,C0449,P0052,5,870,0,U024
V001039,2025-02-15,C0007,P0008,8,3984,15,U002
V001040,2025-04-22,C0221,P0052,3,552,0,U021
V001041,2025-08-30,C0095,P0100,2,212,0,U025
V001042,2025-02-16,C0125,P0180,6,1152,15,U043
V001043,2025-06-25,C0257,P0099,6,2748,10,U034
V001044,2025-03-23,C0027,P0015,6,2052,0,U020
V001045,2025-07-25,C0219,P0140,9,3456,15,U009
V001046,2025-06-07,C0134,P0021,6,1368,0,U029
V001047,2025-11-03,C0321,P0133,7,819,10,U036
V001048,2025-03-12,C0095,P0116,10,4950,0,U045
V001049,2025-06-12,C0274,P0184,2,212,15,U039
V001050,2025-05-10,C0462,P0045,8,3008,10,U040
V001051,2025-11-08,C0251,P0179,1,290,0,U048
V001052,2025-06-22,C0244,P0009,8,2688,10,U035
V001053,2025-06-28,C0015,P0194,7,1568,15,U002
V001054,2025-06-29,C0443,P0196,3,597,10,U019
V001055,2025-09-29,C0201,P0133,3,330,10,U002
V001056,2025-06-10,C0334,P0022,3,1428,0,U036
V001057,2025-12-09,C0126,P0187,3,1197,15,U021
V001058,2025-03-26,C0438,P0026,7,3332,0,U037
V001059,2025-09-04,C0336,P0098,8,2360,0,U005
V001060,2025-12-04,C0465,P0104,5,250,10,U019
V001061,2025-07-08,C0034,P0055,1,408,10,U032
V001062,2025-05-06,C0464,P0079,4,1380,0,U041
V001063,2025-08-15,C0238,P0091,7,1512,0,U008
V001064,2025-10-16,C0025,P0069,3,774,0,U034
V001065,2025-02-07,C0403,P0118,4,516,0,U022
V001066,2025-12-05,C0227,P0109,5,1210,0,U028
V001067,2025-11-12,C0335,P0005,2,852,0,U004
V001068,2025-06-19,C0136,P0096,8,400,0,U048
V001069,2025-09-13,C0168,P0143,7,2009,0,U012
V001070,2025-07-18,C0006,P0123,10,2570,5,U003
V001071,2025-01-01,C0018,P0135,1,151,0,U045
V001072,2025-07-03,C0124,P0124,1,124,0,U032
V001073,2025-04-16,C0480,P0077,9,2619,15,U033
V001074,2025-02-26,C0021,P0003,4,1128,10,U034
V001075,2025-04-16,C0223,P0073,6,2232,0,U017
V001076,2025-10-13,C0068,P0027,4,1712,0,U034
V001077,2025-11-23,C0306,P0075,5,1665,5,U002
V001078,2025-11-12,C0114,P0003,2,524,5,U018
V001079,2025-05-21,C0412,P0084,7,1715,0,U020
V001080,2025-05-10,C0093,P0110,10,4450,0,U038
V001081,2025-10-31,C0088,P0019,6,2754,0,U030
V001082,2025-03-05,C0490,P0139,1,328,0,U049
V001083,2025-05-09,C0427,P0088,6,618,0,U030
V001084,2025-03-24,C0495,P0190,9,3933,10,U012
V001085,2025-08-18,C0288,P0171,4,248,15,U049
V001086,2025-03-09,C0196,P0118,7,2128,0,U008
V001087,2025-11-09,C0298,P0181,2,736,0,U004
V001088,2025-10-19,C0337,P0129,8,1960,0,U026
V001089,2025-07-01,C0102,P0074,9,3915,15,U012
V001090,2025-11-13,C0165,P0038,3,171,10,U046
V001091,2025-04-22,C0188,P0193,4,216,5,U043
V001092,2025-11-14,C0283,P0116,10,1430,0,U044
V001093,2025-06-22,C0069,P0143,7,742,10,U039
V001094,2025-01-07,C0334,P0141,1,472,0,U026
V001095,2025-10-18,C0070,P0126,9,3402,0,U003
V001096,2025-08-23,C0475,P0052,4,344,10,U020
V001097,2025-07-15,C0285,P0061,10,620,15,U019
V001098,2025-01-09,C0325,P0086,9,2502,0,U020
V001099,2025-06-06,C0356,P0090,2,780,0,U001
V001100,2025-08-07,C0254,P0030,10,3540,5,U011
V001101,2025-08-04,C0189,P0084,8,1616,0,U020
V001102,2025-04-25,C0010,P0013,3,207,10,U004
V001103,2025-07-23,C0113,P0076,4,1156,10,U012
V001104,2025-11-05,C0454,P0048,4,1872,10,U040
V001105,2025-09-18,C0190,P0123,3,639,15,U028
V001106,2025-08-17,C0229,P0166,10,1770,10,U023
V001107,2025-09-03,C0261,P0139,5,1505,0,U050
V001108,2025-11-15,C0227,P0061,5,2480,15,U034
V001109,2025-05-29,C0414,P0004,6,1806,10,U020
V001110,2025-03-30,C0237,P0187,8,464,10,U031
V001111,2025-01-05,C0465,P0081,1,196,0,U012
V001112,2025-07-05,C0233,P0074,6,618,0,U050
V001113,2025-01-07,C0397,P0142,6,348,0,U041
V001114,2025-08-29,C0282,P0092,9,1080,5,U020
V001115,2025-11-12,C0279,P0093,2,528,10,U038
V001116,2025-11-02,C0402,P0020,1,295,0,U020
V001117,2025-12-02,C0199,P0050,7,3031,0,U032
V001118,2025-03-06,C0263,P0196,10,720,0,U035
V001119,2025-12-03,C0386,P0044,6,2640,5,U003
V001120,2025-09-14,C0041,P0169,7,798,5,U046
V001121,2025-09-10,C0374,P0148,7,3325,0,U042
V001122,2025-02-11,C0273,P0057,2,854,0,U047
V001123,2025-03-21,C0475,P0003,5,740,0,U002
V001124,2025-09-15,C0407,P0066,2,876,0,U031
V001125,2025-07-05,C0098,P0154,10,880,0,U047
V001126,2025-06-15,C0072,P0152,5,2230,0,U030
V001127,2025-12-02,C0151,P0186,10,2890,0,U012
V001128,2025-09-15,C0279,P0185,5,2375,5,U003
V001129,2025-01-27,C0301,P0160,7,2835,0,U050
V001130,2025-03-14,C0488,P0030,7,2100,0,U004
V001131,2025-03-10,C0323,P0157,4,1228,0,U018
V001132,2025-03-27,C0313,P0114,3,798,0,U029
V001133,2025-01-09,C0257,P0153,7,1295,10,U045
V001134,2025-05-11,C0187,P0033,3,1425,0,U002
V001135,2025-06-13,C0458,P0171,6,354,5,U031
V001136,2025-11-05,C0396,P0047,10,570,15,U034
V001137,2025-11-28,C0158,P0059,2,486,0,U038
V001138,2025-06-26,C0391,P0092,3,882,0,U037
V001139,2025-07-06,C0252,P0087,2,882,10,U009
V001140,2025-05-25,C0315,P0029,10,990,0,U035
V001141,2025-05-16,C0382,P0071,7,3304,0,U006
V001142,2025-05-07,C0244,P0176,3,1356,10,U008
V001143,2025-09-28,C0288,P0101,10,2810,0,U010
V001144,2025-05-04,C0395,P0040,2,260,15,U045
V001145,2025-04-06,C0175,P0120,7,889,15,U031
V001146,2025-04-18,C0443,P0066,2,222,0,U019
V001147,2025-05-01,C0262,P0046,6,900,10,U035
V001148,2025-07-04,C0233,P0157,8,3752,5,U015
V001149,2025-02-17,C0312,P0142,6,1830,0,U034
V001150,2025-07-14,C0468,P0127,6,2160,10,U026
V001151,2025-11-26,C0430,P0175,10,3020,5,U013
V001152,2025-05-12,C0046,P0133,5,2065,0,U006
V001153,2025-02-01,C0074,P0082,9,1350,10,U027
V001154,2025-01-16,C0167,P0027,4,460,5,U033
V001155,2025-03-06,C0193,P0120,5,1590,0,U016
V001156,2025-09-24,C0166,P0081,10,3020,0,U019
V001157,2025-04-08,C0329,P0102,3,699,0,U049
V001158,2025-05-21,C0331,P0115,1,162,15,U004
V001159,2025-07-04,C0133,P0061,8,712,0,U044
V001160,2025-03-28,C0024,P0063,4,1140,15,U029
V001161,2025-03-26,C0277,P0016,9,4041,15,U009
V001162,2025-09-03,C0411,P0171,3,819,0,U045
V001163,2025-10-07,C0030,P0151,4,1472,0,U022
V001164,2025-03-22,C0419,P0179,4,1852,15,U046
V001165,2025-09-01,C0320,P0132,10,3720,0,U019
V001166,2025-09-24,C0238,P0078,8,2856,0,U007
V001167,2025-11-12,C0021,P0114,9,567,10,U036
V001168,2025-06-04,C0392,P0002,7,539,0,U040
V001169,2025-01-18,C0271,P0053,1,481,10,U021
V001170,2025-09-17,C0475,P0024,5,625,5,U005
V001171,2025-11-18,C0327,P0101,5,995,5,U023
V001172,2025-10-21,C0356,P0067,4,472,5,U005
V001173,2025-04-04,C0449,P0092,2,602,10,U032
V001174,2025-03-06,C0080,P0112,6,318,15,U004
V001175,2025-03-01,C0186,P0160,2,792,0,U044
V001176,2025-07-04,C0308,P0032,1,351,0,U040
V001177,2025-07-06,C0008,P0023,2,388,15,U026
V001178,2025-04-22,C0041,P0174,3,426,10,U036
V001179,2025-12-07,C0031,P0167,1,109,0,U025
V001180,2025-02-14,C0447,P0027,6,2496,5,U036
V001181,2025-07-15,C0350,P0131,1,125,15,U043
V001182,2025-12-07,C0332,P0088,8,2216,15,U014
V001183,2025-01-14,C0234,P0186,8,2896,10,U005
V001184,2025-06-29,C0323,P0194,7,3367,10,U007
V001185,2025-05-19,C0226,P0100,8,1432,10,U030
V001186,2025-03-19,C0382,P0068,6,2514,0,U008
V001187,2025-08-19,C0197,P0166,6,2160,10,U048
V001188,2025-04-29,C0452,P0007,1,393,0,U046
V001189,2025-05-10,C0462,P0110,4,780,0,U032
V001190,2025-11-06,C0336,P0115,10,1360,0,U014
V001191,2025-01-15,C0010,P0095,3,600,10,U029
V001192,2025-09-24,C0111,P0100,5,2285,5,U004
V001193,2025-08-15,C0178,P0012,5,2135,15,U047
V001194,2025-03-03,C0041,P0146,5,2060,0,U014
V001195,2025-05-16,C0334,P0063,4,548,15,U020
V001196,2025-08-22,C0430,P0093,5,1755,0,U004
V001197,2025-07-03,C0230,P0180,5,475,5,U024
V001198,2025-06-29,C0347,P0059,2,792,5,U012
V001199,2025-10-27,C0016,P0078,1,252,0,U002
V001200,2025-06-20,C0435,P0193,7,980,0,U023
V001201,2025-11-06,C0268,P0040,3,414,0,U020
V001202,2025-03-09,C0107,P0135,9,450,0,U016
V001203,2025-02-28,C0162,P0198,9,2241,0,U037
V001204,2025-08-18,C0127,P0050,6,1554,0,U017
V001205,2025-11-01,C0165,P0181,8,1728,0,U049
V001206,2025-08-24,C0135,P0108,7,2527,10,U004
V001207,2025-04-09,C0059,P0150,8,3912,0,U022
V001208,2025-07-13,C0394,P0117,5,465,10,U016
V001209,2025-07-22,C0158,P0024,5,865,0,U023
V001210,2025-03-08,C0015,P0029,1,457,10,U034
V001211,2025-12-07,C0101,P0077,10,1780,0,U033
V001212,2025-01-24,C0342,P0164,7,2653,0,U044
V001213,2025-11-08,C0206,P0177,4,1292,15,U036
V001214,2025-07-19,C0263,P0095,8,2592,10,U032
V001215,2025-11-28,C0067,P0085,3,1137,0,U049
V001216,2025-05-25,C0043,P0181,8,3248,15,U022
V001217,2025-02-29,C0219,P0032,7,3437,0,U007
V001218,2025-03-04,C0460,P0048,8,2352,0,U030
V001219,2025-07-04,C0208,P0181,5,1010,0,U027
V001220,2025-03-09,C0282,P0094,6,678,10,U042
V001221,2025-10-15,C0081,P0111,7,560,5,U017
V001222,2025-04-17,C0074,P0179,2,882,0,U011
V001223,2025-05-08,C0358,P0162,9,1665,0,U037
V001224,2025-05-03,C0410,P0060,4,1684,5,U041
V001225,2025-02-11,C0275,P0070,5,2390,0,U003
V001226,2025-08-26,C0239,P0092,7,3290,0,U045
V001227,2025-08-10,C0076,P0128,6,2442,5,U004
V001228,2025-11-11,C0250,P0052,1,402,5,U006
V001229,2025-02-10,C0412,P0055,6,726,0,U005
V001230,2025-02-25,C0055,P0049,10,1970,0,U011
V001231,2025-10-23,C0107,P0166,3,1254,10,U028
V001232,2025-05-01,C0114,P0108,6,1206,15,U008
V001233,2025-05-04,C0449,P0059,4,1012,0,U031
V001234,2025-11-09,C0427,P0126,2,878,10,U016
V001235,2025-01-14,C0465,P0026,5,1010,0,U050
V001236,2025-11-12,C0205,P0013,5,340,0,U030
V001237,2025-07-12,C0053,P0015,1,426,15,U040
V001238,2025-09-26,C0093,P0011,1,90,0,U029
V001239,2025-06-07,C0132,P0134,8,3952,0,U030
V001240,2025-04-01,C0027,P0097,1,306,0,U001
V001241,2025-10-31,C0232,P0193,8,944,15,U048
V001242,2025-12-07,C0170,P0127,3,1383,5,U019
V001243,2025-01-02,C0444,P0196,5,1145,15,U033
V001244,2025-01-13,C0412,P0141,1,142,0,U019
V001245,2025-06-17,C0382,P0037,7,980,5,U023
V001246,2025-08-28,C0042,P0135,7,2352,0,U032
V001247,2025-05-03,C0213,P0054,6,1860,5,U039
V001248,2025-09-23,C0290,P0078,3,330,0,U044
V001249,2025-09-28,C0090,P0194,7,2709,10,U002
V001250,2025-06-17,C0137,P0032,5,1380,10,U001
V001251,2025-02-08,C0214,P0086,4,1304,5,U008
V001252,2025-08-09,C0295,P0068,7,1953,15,U029
V001253,2025-08-02,C0268,P0125,5,1440,5,U040
V001254,2025-05-21,C0200,P0032,2,836,0,U047
V001255,2025-04-28,C0176,P0122,1,402,0,U024
V001256,2025-07-24,C0101,P0002,10,2110,0,U019
V001257,2025-06-27,C0315,P0029,4,596,10,U016
V001258,2025-05-15,C0012,P0004,1,293,10,U041
V001259,2025-01-19,C0157,P0107,10,2370,10,U041
V001260,2025-10-22,C0247,P0013,9,3708,5,U050
V001261,2025-05-24,C0392,P0006,10,780,0,U021
V001262,2025-08-05,C0066,P0066,7,2310,5,U009
V001263,2025-04-30,C0330,P0139,6,1482,0,U010
V001264,2025-07-14,C0439,P0124,9,558,10,U022
V001265,2025-03-17,C0202,P0162,10,2880,5,U044
V001266,2025-07-02,C0114,P0013,9,3960,5,U007
V001267,2025-11-05,C0430,P0041,8,3784,15,U015
V001268,2025-05-11,C0277,P0168,9,3978,0,U020
V001269,2025-04-15,C0337,P0068,9,3636,10,U027
V001270,2025-05-03,C0267,P0131,1,292,15,U048
V001271,2025-01-26,C0487,P0038,2,462,0,U010
V001272,2025-11-09,C0263,P0002,5,1965,15,U030
V001273,2025-06-18,C0195,P0099,9,900,15,U032
V001274,2025-01-14,C0302,P0028,2,528,5,U010
V001275,2025-10-10,C0484,P0079,5,1385,5,U030
V001276,2025-06-22,C0210,P0180,3,474,0,U038
V001277,2025-08-14,C0272,P0197,1,181,15,U021
V001278,2025-08-26,C0289,P0016,3,603,10,U009
V001279,2025-09-22,C0020,P0007,4,268,0,U014
V001280,2025-06-23,C0486,P0153,10,2950,10,U047
V001281,2025-03-01,C0136,P0142,8,2184,0,U035
V001282,2025-06-21,C0447,P0167,1,133,15,U035
V001283,2025-09-09,C0087,P0091,6,1656,0,U039
V001284,2025-03-03,C0311,P0047,8,680,0,U042
V001285,2025-10-15,C0330,P0147,8,2264,0,U020
V001286,2025-06-22,C0394,P0167,4,1036,5,U029
V001287,2025-03-15,C0206,P0082,8,3584,5,U001
V001288,2025-04-21,C0079,P0169,5,600,0,U001
V001289,2025-04-14,C0355,P0102,10,4620,0,U049
V001290,2025-05-24,C0410,P0031,2,130,0,U037
V001291,2025-03-27,C0318,P0161,10,2800,0,U006
V001292,2025-08-03,C0049,P0123,2,888,0,U004
V001293,2025-08-23,C0201,P0026,4,1612,15,U016
V001294,2025-06-30,C0196,P0196,9,2556,0,U001
V001295,2025-09-05,C0322,P0130,3,195,0,U048
V001296,2025-07-03,C0376,P0002,7,1036,0,U014
V001297,2025-09-30,C0008,P0067,6,2700,10,U014
V001298,2025-08-26,C0258,P0172,2,544,5,U017
V001299,2025-05-01,C0408,P0088,9,747,0,U016
V001300,2025-06-25,C0046,P0170,4,484,0,U018
V001301,2025-06-29,C0146,P0141,4,1116,15,U046
V001302,2025-03-16,C0381,P0113,1,427,0,U041
V001303,2025-04-16,C0317,P0171,1,131,0,U019
V001304,2025-02-13,C0303,P0172,7,413,0,U039
V001305,2025-07-24,C0373,P0197,4,1236,15,U049
V001306,2025-07-20,C0387,P0138,4,1404,0,U022
V001307,2025-10-30,C0019,P0092,4,1368,0,U019
V001308,2025-12-03,C0020,P0050,10,4480,0,U037
V001309,2025-08-20,C0329,P0034,10,4750,10,U005
V001310,2025-08-03,C0440,P0186,6,1734,0,U005
V001311,2025-03-13,C0401,P0144,9,1314,0,U033
V001312,2025-10-18,C0492,P0040,3,828,15,U038
V001313,2025-01-19,C0219,P0052,6,1116,15,U016
V001314,2025-02-21,C0196,P0034,5,555,5,U040
V001315,2025-01-09,C0324,P0057,2,454,15,U036
V001316,2025-09-28,C0303,P0129,1,150,0,U043
V001317,2025-02-29,C0344,P0182,10,2680,0,U035
V001318,2025-07-03,C0229,P0038,2,312,5,U026
V001319,2025-08-17,C0028,P0101,7,2968,5,U039
V001320,2025-02-24,C0231,P0041,5,630,5,U016
V001321,2025-11-21,C0032,P0130,10,1930,15,U017
V001322,2025-06-09,C0333,P0196,2,948,0,U002
V001323,2025-10-09,C0245,P0108,1,80,0,U039
V001324,2025-01-09,C0419,P0008,9,2979,0,U016
V001325,2025-05-29,C0177,P0167,2,300,0,U021
V001326,2025-12-01,C0060,P0004,8,1080,0,U017
V001327,2025-06-13,C0192,P0028,9,3897,10,U020
V001328,2025-05-27,C0172,P0147,10,3030,0,U016
V001329,2025-09-30,C0377,P0181,1,197,5,U028
V001330,2025-01-05,C0120,P0149,2,834,5,U030
V001331,2025-04-30,C0394,P0119,9,2511,15,U009
V001332,2025-02-26,C0492,P0113,6,1848,0,U047
V001333,2025-10-02,C0373,P0052,8,3968,0,U037
V001334,2025-09-07,C0252,P0072,10,1140,5,U014
V001335,2025-11-16,C0197,P0159,1,353,15,U003
V001336,2025-09-05,C0419,P0092,5,2300,0,U046
V001337,2025-05-01,C0085,P0086,5,845,10,U015
V001338,2025-09-15,C0424,P0182,3,1086,0,U042
V001339,2025-02-03,C0416,P0124,9,2214,10,U020
V001340,2025-12-07,C0328,P0005,6,318,0,U044
V001341,2025-12-09,C0233,P0001,10,2070,0,U041
V001342,2025-10-11,C0427,P0037,10,1510,0,U025
V001343,2025-05-30,C0466,P0169,10,4230,0,U044
V001344,2025-03-27,C0246,P0109,7,2163,10,U010
V001345,2025-03-06,C0053,P0090,2,652,10,U050
V001346,2025-07-11,C0067,P0051,2,614,0,U027
V001347,2025-04-13,C0276,P0163,6,2868,10,U032
V001348,2025-09-27,C0443,P0174,5,2195,5,U024
V001349,2025-01-04,C0111,P0042,2,924,5,U010
V001350,2025-10-04,C0263,P0047,6,2652,5,U033
V001351,2025-07-22,C0490,P0093,1,485,10,U012
V001352,2025-03-08,C0007,P0079,6,2280,15,U023
V001353,2025-11-08,C0138,P0019,1,279,15,U001
V001354,2025-03-09,C0419,P0056,7,3416,10,U008
V001355,2025-06-15,C0049,P0099,7,2597,0,U017
V001356,2025-01-23,C0107,P0058,8,3208,5,U021
V001357,2025-09-17,C0100,P0037,4,280,5,U043
V001358,2025-08-26,C0481,P0033,3,672,10,U026
V001359,2025-03-20,C0366,P0025,2,952,0,U029
V001360,2025-12-07,C0351,P0151,1,363,0,U010
V001361,2025-09-29,C0332,P0097,6,1194,15,U007
V001362,2025-07-09,C0310,P0190,6,1470,15,U010
V001363,2025-04-01,C0069,P0158,1,220,0,U004
V001364,2025-03-27,C0278,P0032,7,3367,15,U040
V001365,2025-04-12,C0080,P0066,1,376,10,U047
V001366,2025-05-25,C0170,P0055,10,3120,10,U047
V001367,2025-05-05,C0292,P0181,1,409,0,U033
V001368,2025-09-04,C0333,P0097,5,1135,5,U041
V001369,2025-04-11,C0174,P0061,4,1388,15,U045
V001370,2025-07-09,C0473,P0106,5,2210,0,U023
V001371,2025-03-16,C0458,P0189,7,3003,0,U040
V001372,2025-08-18,C0180,P0077,6,954,5,U003
V001373,2025-09-24,C0271,P0035,7,427,0,U028
V001374,2025-09-11,C0052,P0113,9,945,10,U013
V001375,2025-10-23,C0145,P0199,5,965,10,U031
V001376,2025-04-25,C0177,P0021,7,469,0,U036
V001377,2025-01-14,C0106,P0076,2,698,0,U028
V001378,2025-04-15,C0127,P0166,6,3000,10,U001
V001379,2025-08-20,C0205,P0079,5,2480,0,U041
V001380,2025-10-16,C0337,P0066,3,381,0,U008
V001381,2025-07-01,C0416,P0054,5,1070,0,U012
V001382,2025-10-24,C0383,P0034,8,512,0,U008
V001383,2025-11-23,C0359,P0191,7,1610,15,U012
V001384,2025-09-27,C0367,P0184,6,1350,0,U018
V001385,2025-07-06,C0201,P0093,8,1768,15,U044
V001386,2025-02-08,C0171,P0187,5,1595,10,U016
V001387,2025-10-21,C0312,P0101,3,417,15,U036
V001388,2025-02-08,C0160,P0163,7,2779,15,U040
V001389,2025-09-02,C0108,P0133,8,3408,15,U007
V001390,2025-01-18,C0194,P0093,8,2280,0,U035
V001391,2025-08-07,C0095,P0139,3,303,5,U045
V001392,2025-06-02,C0049,P0124,2,868,15,U045
V001393,2025-10-10,C0216,P0049,9,1971,0,U023
V001394,2025-05-05,C0368,P0077,3,1437,0,U024
V001395,2025-10-06,C0266,P0128,3,480,5,U035
V001396,2025-05-16,C0131,P0084,7,623,0,U018
V001397,2025-04-10,C0169,P0166,1,186,0,U046
V001398,2025-10-15,C0494,P0199,4,1156,0,U004
V001399,2025-03-06,C0165,P0182,5,1745,5,U026
V001400,2025-02-15,C0292,P0074,9,2295,10,U033
V001401,2025-01-05,C0472,P0102,3,186,15,U007
V001402,2025-06-05,C0476,P0045,7,2079,15,U047
V001403,2025-04-22,C0228,P0170,5,1300,5,U017
V001404,2025-08-10,C0296,P0126,8,2944,10,U021
V001405,2025-08-24,C0465,P0138,4,916,15,U034
V001406,2025-10-08,C0232,P0102,10,3460,0,U033
V001407,2025-07-25,C0189,P0016,6,2196,0,U001
V001408,2025-09-07,C0040,P0138,7,2275,10,U042
V001409,2025-11-21,C0208,P0021,2,992,0,U041
V001410,2025-06-11,C0148,P0057,6,1020,0,U038
V001411,2025-04-10,C0049,P0168,1,452,15,U025
V001412,2025-10-29,C0357,P0146,10,740,10,U005
V001413,2025-08-24,C0406,P0021,2,268,0,U044
V001414,2025-07-18,C0463,P0086,4,1560,10,U032
V001415,2025-04-30,C0292,P0041,4,580,15,U015
V001416,2025-01-30,C0467,P0179,2,502,10,U003
V001417,2025-02-05,C0305,P0048,6,1560,0,U039
V001418,2025-05-29,C0064,P0043,7,525,0,U009
V001419,2025-03-24,C0019,P0083,4,656,15,U019
V001420,2025-08-11,C0078,P0001,8,1576,0,U005
V001421,2025-11-03,C0130,P0115,9,2124,5,U015
V001422,2025-03-31,C0336,P0059,8,736,15,U050
V001423,2025-11-13,C0224,P0173,2,526,15,U049
V001424,2025-11-24,C0124,P0174,4,588,0,U002
V001425,2025-01-27,C0485,P0141,3,951,0,U032
V001426,2025-07-03,C0165,P0064,8,3128,0,U027
V001427,2025-01-13,C0196,P0172,8,3336,0,U024
V001428,2025-10-03,C0349,P0157,8,3472,0,U022
V001429,2025-05-06,C0116,P0086,7,2513,10,U005
V001430,2025-06-07,C0085,P0081,10,3520,0,U020
V001431,2025-09-11,C0318,P0057,4,936,0,U003
V001432,2025-09-07,C0283,P0056,2,604,0,U020
V001433,2025-03-05,C0024,P0152,1,257,0,U033
V001434,2025-01-08,C0316,P0077,7,3031,15,U013
V001435,2025-12-09,C0258,P0195,2,978,0,U049
V001436,2025-07-10,C0278,P0054,1,72,0,U003
V001437,2025-03-02,C0207,P0070,2,526,0,U023
V001438,2025-02-10,C0235,P0074,3,1227,0,U029
V001439,2025-08-25,C0177,P0118,5,1635,0,U008
V001440,2025-03-13,C0197,P0049,2,964,0,U026
V001441,2025-07-25,C0350,P0198,10,2970,0,U021
V001442,2025-05-10,C0159,P0097,3,1455,0,U048
V001443,2025-03-31,C0339,P0181,1,213,0,U026
V001444,2025-09-20,C0355,P0110,9,585,15,U003
V001445,2025-04-26,C0365,P0002,5,2075,5,U033
V001446,2025-05-28,C0221,P0049,5,1465,0,U049
V001447,2025-02-04,C0194,P0011,5,755,5,U033
V001448,2025-01-07,C0070,P0044,9,1134,0,U004
V001449,2025-03-21,C0165,P0031,5,2245,0,U025
V001450,2025-05-11,C0022,P0137,8,2936,10,U033
V001451,2025-05-04,C0229,P0041,6,2802,0,U028
V001452,2025-02-06,C0479,P0193,2,530,0,U046
V001453,2025-08-21,C0241,P0137,8,2864,15,U050
V001454,2025-06-13,C0079,P0082,7,1820,10,U047
V001455,2025-08-06,C0219,P0136,3,1497,0,U039
V001456,2025-10-02,C0267,P0072,4,916,10,U036
V001457,2025-10-16,C0350,P0189,8,3376,0,U001
V001458,2025-05-01,C0343,P0020,6,1296,0,U007
V001459,2025-07-20,C0199,P0047,8,656,15,U032
V001460,2025-06-28,C0212,P0152,1,346,15,U023
V001461,2025-08-13,C0427,P0043,2,780,0,U008
V001462,2025-11-07,C0478,P0021,7,3374,0,U045
V001463,2025-12-07,C0292,P0193,4,700,5,U022
V001464,2025-04-26,C0451,P0185,9,3114,0,U009
V001465,2025-04-21,C0199,P0188,6,2550,0,U042
V001466,2025-04-30,C0239,P0122,10,4410,10,U033
V001467,2025-07-10,C0023,P0049,6,666,15,U019
V001468,2025-02-08,C0362,P0160,4,276,5,U034
V001469,2025-01-05,C0411,P0118,3,1302,5,U041
V001470,2025-06-03,C0060,P0165,1,112,0,U020
V001471,2025-11-03,C0059,P0198,7,875,5,U013
V001472,2025-12-01,C0332,P0091,9,2169,10,U009
V001473,2025-04-18,C0062,P0164,1,207,0,U021
V001474,2025-09-22,C0495,P0045,4,208,0,U011
V001475,2025-11-23,C0355,P0053,8,3608,0,U024
V001476,2025-10-29,C0476,P0114,9,720,15,U001
V001477,2025-02-12,C0252,P0161,7,3108,0,U022
V001478,2025-08-01,C0147,P0038,10,3390,10,U018
V001479,2025-07-05,C0426,P0001,9,2295,0,U021
V001480,2025-04-23,C0134,P0149,3,1356,0,U044
V001481,2025-12-05,C0051,P0010,1,182,0,U014
V001482,2025-08-25,C0126,P0158,10,4780,0,U007
V001483,2025-01-08,C0425,P0160,3,1038,0,U032
V001484,2025-09-05,C0245,P0060,5,1790,0,U021
V001485,2025-06-10,C0022,P0014,10,3890,5,U029
V001486,2025-07-10,C0333,P0031,9,2358,0,U047
V001487,2025-03-21,C0114,P0158,8,2976,15,U011
V001488,2025-12-08,C0112,P0133,6,1374,10,U048
V001489,2025-04-24,C0004,P0079,1,213,10,U016
V001490,2025-07-19,C0441,P0130,6,1458,15,U021
V001491,2025-06-26,C0014,P0039,6,666,15,U021
V001492,2025-09-24,C0210,P0199,4,880,0,U049
V001493,2025-10-15,C0466,P0134,4,1760,0,U027
V001494,2025-09-18,C0409,P0115,10,3850,0,U036
V001495,2025-10-20,C0386,P0020,5,490,5,U050
V001496,2025-07-30,C0313,P0003,5,1735,10,U030
V001497,2025-05-24,C0046,P0010,5,1540,0,U048
V001498,2025-06-11,C0165,P0095,2,412,0,U044
V001499,2025-12-05,C0079,P0147,4,260,15,U030
V001500,2025-10-02,C0042,P0023,8,2960,15,U039
